reference,data_name,provider,platform,url,selection_reason
1,노선·시간표·예상시간·추천경로,경상남도 진주시,진주 BIS,https://bis.jinju.go.kr/addInfo/addInfoTimeTable.do,방향·요일·정류장 연결
2,TAGO 고속버스정보,국토교통부,공공데이터포털,https://www.data.go.kr/data/15098522/openapi.do,10/8 장거리 시각
3,TAGO 열차정보,국토교통부,공공데이터포털,https://www.data.go.kr/data/15098552/openapi.do,철도 대안·열차번호
4,서울 도시철도 열차운행시각표,서울교통공사,공공데이터포털,https://www.data.go.kr/data/15098251/fileData.do,전철 요일·열차 연결
5,KTX·광명셔틀·수인분당 시각표,한국철도공사,코레일 홈페이지,https://www.korail.com/com/userBoard.do?mode=list&schBcid=ticketTable,미래 철도·환승 보완
6,공개 지도 보행·방향·택시 참고액,카카오,카카오맵,https://map.kakao.com/,접근·방향·비용 가정
7,노선·시간대·일별·행정동 승차,경상남도 진주시,진주 ITS,https://its.jinju.go.kr/its/stt/view,기존 승차 규모·합계 대조
8,시내버스 운임,경상남도 진주시,진주 BIS,https://bis.jinju.go.kr/addInfo/addInfoCharge.do,공통 본인부담 가정
9,날짜별 배차·예상 소요·잔여석,전국고속버스운송사업조합,KOBUS,https://www.kobus.co.kr/oprninf/alcninqr/oprnAlcnPage.do,미래 API 공백 대조
10,TAGO 시외버스정보,국토교통부,공공데이터포털,https://www.data.go.kr/data/15098541/openapi.do,결측·보조 대안 점검
12,공동주택현황(20세대 이상),경상남도 진주시,공공데이터포털,https://www.data.go.kr/data/15046124/fileData.do,관련 단지 주택 수
13,충무공동 세대 및 인구,경상남도 진주시,진주시 홈페이지,https://www.jinju.go.kr/00135/01114/01906.web,행정동 규모와 단지 구분
