date,target,branch_mode,deadline,baseline_count,feeder_count,newly_enabled_count,newly_enabled_ids,sample_size
2026-10-08,강남,strict,09:00,4,4,0,,20
2026-10-08,강남,strict,09:30,6,8,2,49008|49036,20
2026-10-08,강남,strict,10:00,6,8,2,49008|49036,20
2026-10-08,강남,strict,10:30,10,12,2,49008|49036,20
2026-10-08,강남,strict,11:00,18,18,0,,20
2026-10-08,강남,matched,09:00,4,4,0,,20
2026-10-08,강남,matched,09:30,6,8,2,49008|49036,20
2026-10-08,강남,matched,10:00,6,8,2,49008|49036,20
2026-10-08,강남,matched,10:30,10,12,2,49008|49036,20
2026-10-08,강남,matched,11:00,19,19,0,,20
2026-10-08,강남,optimistic,09:00,4,4,0,,20
2026-10-08,강남,optimistic,09:30,6,8,2,49008|49036,20
2026-10-08,강남,optimistic,10:00,6,8,2,49008|49036,20
2026-10-08,강남,optimistic,10:30,10,12,2,49008|49036,20
2026-10-08,강남,optimistic,11:00,19,19,0,,20
2026-10-08,서울역,strict,09:00,3,3,0,,20
2026-10-08,서울역,strict,09:30,4,4,0,,20
2026-10-08,서울역,strict,10:00,6,8,2,49008|49036,20
2026-10-08,서울역,strict,10:30,10,12,2,49008|49036,20
2026-10-08,서울역,strict,11:00,15,17,2,49008|49036,20
2026-10-08,서울역,matched,09:00,3,3,0,,20
2026-10-08,서울역,matched,09:30,4,4,0,,20
2026-10-08,서울역,matched,10:00,6,8,2,49008|49036,20
2026-10-08,서울역,matched,10:30,10,12,2,49008|49036,20
2026-10-08,서울역,matched,11:00,16,18,2,49008|49036,20
2026-10-08,서울역,optimistic,09:00,3,3,0,,20
2026-10-08,서울역,optimistic,09:30,4,4,0,,20
2026-10-08,서울역,optimistic,10:00,6,8,2,49008|49036,20
2026-10-08,서울역,optimistic,10:30,10,12,2,49008|49036,20
2026-10-08,서울역,optimistic,11:00,16,18,2,49008|49036,20
2026-10-08,사당,strict,09:00,4,4,0,,20
2026-10-08,사당,strict,09:30,4,4,0,,20
2026-10-08,사당,strict,10:00,6,8,2,49008|49036,20
2026-10-08,사당,strict,10:30,10,12,2,49008|49036,20
2026-10-08,사당,strict,11:00,15,17,2,49008|49036,20
2026-10-08,사당,matched,09:00,4,4,0,,20
2026-10-08,사당,matched,09:30,4,4,0,,20
2026-10-08,사당,matched,10:00,6,8,2,49008|49036,20
2026-10-08,사당,matched,10:30,10,12,2,49008|49036,20
2026-10-08,사당,matched,11:00,16,18,2,49008|49036,20
2026-10-08,사당,optimistic,09:00,4,4,0,,20
2026-10-08,사당,optimistic,09:30,4,4,0,,20
2026-10-08,사당,optimistic,10:00,6,8,2,49008|49036,20
2026-10-08,사당,optimistic,10:30,10,12,2,49008|49036,20
2026-10-08,사당,optimistic,11:00,16,18,2,49008|49036,20
2026-10-13,강남,strict,09:00,4,4,0,,20
2026-10-13,강남,strict,09:30,6,8,2,49008|49036,20
2026-10-13,강남,strict,10:00,6,8,2,49008|49036,20
2026-10-13,강남,strict,10:30,10,12,2,49008|49036,20
2026-10-13,강남,strict,11:00,18,18,0,,20
2026-10-13,강남,matched,09:00,4,4,0,,20
2026-10-13,강남,matched,09:30,6,8,2,49008|49036,20
2026-10-13,강남,matched,10:00,6,8,2,49008|49036,20
2026-10-13,강남,matched,10:30,10,12,2,49008|49036,20
2026-10-13,강남,matched,11:00,19,19,0,,20
2026-10-13,강남,optimistic,09:00,4,4,0,,20
2026-10-13,강남,optimistic,09:30,6,8,2,49008|49036,20
2026-10-13,강남,optimistic,10:00,6,8,2,49008|49036,20
2026-10-13,강남,optimistic,10:30,10,12,2,49008|49036,20
2026-10-13,강남,optimistic,11:00,19,19,0,,20
2026-10-13,서울역,strict,09:00,3,3,0,,20
2026-10-13,서울역,strict,09:30,4,4,0,,20
2026-10-13,서울역,strict,10:00,6,8,2,49008|49036,20
2026-10-13,서울역,strict,10:30,10,12,2,49008|49036,20
2026-10-13,서울역,strict,11:00,15,17,2,49008|49036,20
2026-10-13,서울역,matched,09:00,3,3,0,,20
2026-10-13,서울역,matched,09:30,4,4,0,,20
2026-10-13,서울역,matched,10:00,6,8,2,49008|49036,20
2026-10-13,서울역,matched,10:30,10,12,2,49008|49036,20
2026-10-13,서울역,matched,11:00,16,18,2,49008|49036,20
2026-10-13,서울역,optimistic,09:00,3,3,0,,20
2026-10-13,서울역,optimistic,09:30,4,4,0,,20
2026-10-13,서울역,optimistic,10:00,6,8,2,49008|49036,20
2026-10-13,서울역,optimistic,10:30,10,12,2,49008|49036,20
2026-10-13,서울역,optimistic,11:00,16,18,2,49008|49036,20
2026-10-13,사당,strict,09:00,4,4,0,,20
2026-10-13,사당,strict,09:30,4,4,0,,20
2026-10-13,사당,strict,10:00,6,8,2,49008|49036,20
2026-10-13,사당,strict,10:30,10,12,2,49008|49036,20
2026-10-13,사당,strict,11:00,15,17,2,49008|49036,20
2026-10-13,사당,matched,09:00,4,4,0,,20
2026-10-13,사당,matched,09:30,4,4,0,,20
2026-10-13,사당,matched,10:00,6,8,2,49008|49036,20
2026-10-13,사당,matched,10:30,10,12,2,49008|49036,20
2026-10-13,사당,matched,11:00,16,18,2,49008|49036,20
2026-10-13,사당,optimistic,09:00,4,4,0,,20
2026-10-13,사당,optimistic,09:30,4,4,0,,20
2026-10-13,사당,optimistic,10:00,6,8,2,49008|49036,20
2026-10-13,사당,optimistic,10:30,10,12,2,49008|49036,20
2026-10-13,사당,optimistic,11:00,16,18,2,49008|49036,20
2026-10-15,강남,strict,09:00,4,4,0,,20
2026-10-15,강남,strict,09:30,6,8,2,49008|49036,20
2026-10-15,강남,strict,10:00,6,8,2,49008|49036,20
2026-10-15,강남,strict,10:30,10,12,2,49008|49036,20
2026-10-15,강남,strict,11:00,18,18,0,,20
2026-10-15,강남,matched,09:00,4,4,0,,20
2026-10-15,강남,matched,09:30,6,8,2,49008|49036,20
2026-10-15,강남,matched,10:00,6,8,2,49008|49036,20
2026-10-15,강남,matched,10:30,10,12,2,49008|49036,20
2026-10-15,강남,matched,11:00,19,19,0,,20
2026-10-15,강남,optimistic,09:00,4,4,0,,20
2026-10-15,강남,optimistic,09:30,6,8,2,49008|49036,20
2026-10-15,강남,optimistic,10:00,6,8,2,49008|49036,20
2026-10-15,강남,optimistic,10:30,10,12,2,49008|49036,20
2026-10-15,강남,optimistic,11:00,19,19,0,,20
2026-10-15,서울역,strict,09:00,3,3,0,,20
2026-10-15,서울역,strict,09:30,4,4,0,,20
2026-10-15,서울역,strict,10:00,6,8,2,49008|49036,20
2026-10-15,서울역,strict,10:30,10,12,2,49008|49036,20
2026-10-15,서울역,strict,11:00,15,17,2,49008|49036,20
2026-10-15,서울역,matched,09:00,3,3,0,,20
2026-10-15,서울역,matched,09:30,4,4,0,,20
2026-10-15,서울역,matched,10:00,6,8,2,49008|49036,20
2026-10-15,서울역,matched,10:30,10,12,2,49008|49036,20
2026-10-15,서울역,matched,11:00,16,18,2,49008|49036,20
2026-10-15,서울역,optimistic,09:00,3,3,0,,20
2026-10-15,서울역,optimistic,09:30,4,4,0,,20
2026-10-15,서울역,optimistic,10:00,6,8,2,49008|49036,20
2026-10-15,서울역,optimistic,10:30,10,12,2,49008|49036,20
2026-10-15,서울역,optimistic,11:00,16,18,2,49008|49036,20
2026-10-15,사당,strict,09:00,4,4,0,,20
2026-10-15,사당,strict,09:30,4,4,0,,20
2026-10-15,사당,strict,10:00,6,8,2,49008|49036,20
2026-10-15,사당,strict,10:30,10,12,2,49008|49036,20
2026-10-15,사당,strict,11:00,15,17,2,49008|49036,20
2026-10-15,사당,matched,09:00,4,4,0,,20
2026-10-15,사당,matched,09:30,4,4,0,,20
2026-10-15,사당,matched,10:00,6,8,2,49008|49036,20
2026-10-15,사당,matched,10:30,10,12,2,49008|49036,20
2026-10-15,사당,matched,11:00,16,18,2,49008|49036,20
2026-10-15,사당,optimistic,09:00,4,4,0,,20
2026-10-15,사당,optimistic,09:30,4,4,0,,20
2026-10-15,사당,optimistic,10:00,6,8,2,49008|49036,20
2026-10-15,사당,optimistic,10:30,10,12,2,49008|49036,20
2026-10-15,사당,optimistic,11:00,16,18,2,49008|49036,20
2026-10-17,강남,strict,09:00,4,4,0,,20
2026-10-17,강남,strict,09:30,4,4,0,,20
2026-10-17,강남,strict,10:00,6,8,2,49008|49036,20
2026-10-17,강남,strict,10:30,10,12,2,49008|49036,20
2026-10-17,강남,strict,11:00,16,18,2,49008|49036,20
2026-10-17,강남,matched,09:00,4,4,0,,20
2026-10-17,강남,matched,09:30,4,4,0,,20
2026-10-17,강남,matched,10:00,6,8,2,49008|49036,20
2026-10-17,강남,matched,10:30,10,12,2,49008|49036,20
2026-10-17,강남,matched,11:00,17,18,1,49036,20
2026-10-17,강남,optimistic,09:00,4,4,0,,20
2026-10-17,강남,optimistic,09:30,4,4,0,,20
2026-10-17,강남,optimistic,10:00,6,8,2,49008|49036,20
2026-10-17,강남,optimistic,10:30,10,12,2,49008|49036,20
2026-10-17,강남,optimistic,11:00,19,19,0,,20
2026-10-17,서울역,strict,09:00,3,3,0,,20
2026-10-17,서울역,strict,09:30,4,4,0,,20
2026-10-17,서울역,strict,10:00,6,8,2,49008|49036,20
2026-10-17,서울역,strict,10:30,10,12,2,49008|49036,20
2026-10-17,서울역,strict,11:00,14,16,2,49008|49036,20
2026-10-17,서울역,matched,09:00,3,3,0,,20
2026-10-17,서울역,matched,09:30,4,4,0,,20
2026-10-17,서울역,matched,10:00,6,8,2,49008|49036,20
2026-10-17,서울역,matched,10:30,10,12,2,49008|49036,20
2026-10-17,서울역,matched,11:00,15,17,2,49008|49036,20
2026-10-17,서울역,optimistic,09:00,3,3,0,,20
2026-10-17,서울역,optimistic,09:30,4,4,0,,20
2026-10-17,서울역,optimistic,10:00,6,8,2,49008|49036,20
2026-10-17,서울역,optimistic,10:30,10,12,2,49008|49036,20
2026-10-17,서울역,optimistic,11:00,15,17,2,49008|49036,20
2026-10-17,사당,strict,09:00,4,4,0,,20
2026-10-17,사당,strict,09:30,4,4,0,,20
2026-10-17,사당,strict,10:00,6,8,2,49008|49036,20
2026-10-17,사당,strict,10:30,10,12,2,49008|49036,20
2026-10-17,사당,strict,11:00,14,16,2,49008|49036,20
2026-10-17,사당,matched,09:00,4,4,0,,20
2026-10-17,사당,matched,09:30,4,4,0,,20
2026-10-17,사당,matched,10:00,6,8,2,49008|49036,20
2026-10-17,사당,matched,10:30,10,12,2,49008|49036,20
2026-10-17,사당,matched,11:00,15,17,2,49008|49036,20
2026-10-17,사당,optimistic,09:00,4,4,0,,20
2026-10-17,사당,optimistic,09:30,4,4,0,,20
2026-10-17,사당,optimistic,10:00,6,8,2,49008|49036,20
2026-10-17,사당,optimistic,10:30,10,12,2,49008|49036,20
2026-10-17,사당,optimistic,11:00,15,17,2,49008|49036,20
2026-10-18,강남,strict,09:00,4,4,0,,20
2026-10-18,강남,strict,09:30,6,8,2,49008|49036,20
2026-10-18,강남,strict,10:00,6,8,2,49008|49036,20
2026-10-18,강남,strict,10:30,10,12,2,49008|49036,20
2026-10-18,강남,strict,11:00,18,18,0,,20
2026-10-18,강남,matched,09:00,4,4,0,,20
2026-10-18,강남,matched,09:30,6,8,2,49008|49036,20
2026-10-18,강남,matched,10:00,6,8,2,49008|49036,20
2026-10-18,강남,matched,10:30,10,12,2,49008|49036,20
2026-10-18,강남,matched,11:00,19,19,0,,20
2026-10-18,강남,optimistic,09:00,4,4,0,,20
2026-10-18,강남,optimistic,09:30,6,8,2,49008|49036,20
2026-10-18,강남,optimistic,10:00,6,8,2,49008|49036,20
2026-10-18,강남,optimistic,10:30,10,12,2,49008|49036,20
2026-10-18,강남,optimistic,11:00,19,19,0,,20
2026-10-18,서울역,strict,09:00,3,3,0,,20
2026-10-18,서울역,strict,09:30,6,8,2,49008|49036,20
2026-10-18,서울역,strict,10:00,6,8,2,49008|49036,20
2026-10-18,서울역,strict,10:30,10,12,2,49008|49036,20
2026-10-18,서울역,strict,11:00,14,16,2,49008|49036,20
2026-10-18,서울역,matched,09:00,3,3,0,,20
2026-10-18,서울역,matched,09:30,6,8,2,49008|49036,20
2026-10-18,서울역,matched,10:00,6,8,2,49008|49036,20
2026-10-18,서울역,matched,10:30,10,12,2,49008|49036,20
2026-10-18,서울역,matched,11:00,15,17,2,49008|49036,20
2026-10-18,서울역,optimistic,09:00,3,3,0,,20
2026-10-18,서울역,optimistic,09:30,6,8,2,49008|49036,20
2026-10-18,서울역,optimistic,10:00,6,8,2,49008|49036,20
2026-10-18,서울역,optimistic,10:30,10,12,2,49008|49036,20
2026-10-18,서울역,optimistic,11:00,15,17,2,49008|49036,20
2026-10-18,사당,strict,09:00,4,4,0,,20
2026-10-18,사당,strict,09:30,6,8,2,49008|49036,20
2026-10-18,사당,strict,10:00,6,8,2,49008|49036,20
2026-10-18,사당,strict,10:30,10,12,2,49008|49036,20
2026-10-18,사당,strict,11:00,14,16,2,49008|49036,20
2026-10-18,사당,matched,09:00,4,4,0,,20
2026-10-18,사당,matched,09:30,6,8,2,49008|49036,20
2026-10-18,사당,matched,10:00,6,8,2,49008|49036,20
2026-10-18,사당,matched,10:30,10,12,2,49008|49036,20
2026-10-18,사당,matched,11:00,15,17,2,49008|49036,20
2026-10-18,사당,optimistic,09:00,4,4,0,,20
2026-10-18,사당,optimistic,09:30,6,8,2,49008|49036,20
2026-10-18,사당,optimistic,10:00,6,8,2,49008|49036,20
2026-10-18,사당,optimistic,10:30,10,12,2,49008|49036,20
2026-10-18,사당,optimistic,11:00,15,17,2,49008|49036,20
