date,target,origin_id,origin,taxi_minutes,gate,buffer,latest_pickup_for_first_coach,first_coach_departure,arrival,arrival_hhmm,selected_local_source,scope
2026-10-08,강남,49008,LH10단지,5,5,10,05:10,05:30,567.0,09:27,conditional_reserved_taxi,지도 지점 예약 차량 즉시 출발 가정; 실제 배차·요금·예약 가능 여부 미검증
2026-10-08,강남,49036,풀에버정문,5,5,10,05:10,05:30,567.0,09:27,conditional_reserved_taxi,지도 지점 예약 차량 즉시 출발 가정; 실제 배차·요금·예약 가능 여부 미검증
2026-10-08,강남,49008,LH10단지,5,5,15,05:05,05:30,567.0,09:27,conditional_reserved_taxi,지도 지점 예약 차량 즉시 출발 가정; 실제 배차·요금·예약 가능 여부 미검증
2026-10-08,강남,49036,풀에버정문,5,5,15,05:05,05:30,567.0,09:27,conditional_reserved_taxi,지도 지점 예약 차량 즉시 출발 가정; 실제 배차·요금·예약 가능 여부 미검증
2026-10-08,강남,49008,LH10단지,5,10,10,05:05,05:30,567.0,09:27,conditional_reserved_taxi,지도 지점 예약 차량 즉시 출발 가정; 실제 배차·요금·예약 가능 여부 미검증
2026-10-08,강남,49036,풀에버정문,5,10,10,05:05,05:30,567.0,09:27,conditional_reserved_taxi,지도 지점 예약 차량 즉시 출발 가정; 실제 배차·요금·예약 가능 여부 미검증
2026-10-08,강남,49008,LH10단지,5,10,15,05:00,05:30,567.0,09:27,conditional_reserved_taxi,지도 지점 예약 차량 즉시 출발 가정; 실제 배차·요금·예약 가능 여부 미검증
2026-10-08,강남,49036,풀에버정문,5,10,15,05:00,05:30,567.0,09:27,conditional_reserved_taxi,지도 지점 예약 차량 즉시 출발 가정; 실제 배차·요금·예약 가능 여부 미검증
2026-10-08,강남,49008,LH10단지,10,5,10,05:05,05:30,567.0,09:27,conditional_reserved_taxi,지도 지점 예약 차량 즉시 출발 가정; 실제 배차·요금·예약 가능 여부 미검증
2026-10-08,강남,49036,풀에버정문,10,5,10,05:05,05:30,567.0,09:27,conditional_reserved_taxi,지도 지점 예약 차량 즉시 출발 가정; 실제 배차·요금·예약 가능 여부 미검증
2026-10-08,강남,49008,LH10단지,10,5,15,05:00,05:30,567.0,09:27,conditional_reserved_taxi,지도 지점 예약 차량 즉시 출발 가정; 실제 배차·요금·예약 가능 여부 미검증
2026-10-08,강남,49036,풀에버정문,10,5,15,05:00,05:30,567.0,09:27,conditional_reserved_taxi,지도 지점 예약 차량 즉시 출발 가정; 실제 배차·요금·예약 가능 여부 미검증
2026-10-08,강남,49008,LH10단지,10,10,10,05:00,05:30,567.0,09:27,conditional_reserved_taxi,지도 지점 예약 차량 즉시 출발 가정; 실제 배차·요금·예약 가능 여부 미검증
2026-10-08,강남,49036,풀에버정문,10,10,10,05:00,05:30,567.0,09:27,conditional_reserved_taxi,지도 지점 예약 차량 즉시 출발 가정; 실제 배차·요금·예약 가능 여부 미검증
2026-10-08,강남,49008,LH10단지,10,10,15,04:55,05:30,567.0,09:27,conditional_reserved_taxi,지도 지점 예약 차량 즉시 출발 가정; 실제 배차·요금·예약 가능 여부 미검증
2026-10-08,강남,49036,풀에버정문,10,10,15,04:55,05:30,567.0,09:27,conditional_reserved_taxi,지도 지점 예약 차량 즉시 출발 가정; 실제 배차·요금·예약 가능 여부 미검증
2026-10-08,강남,49008,LH10단지,15,5,10,05:00,05:30,567.0,09:27,conditional_reserved_taxi,지도 지점 예약 차량 즉시 출발 가정; 실제 배차·요금·예약 가능 여부 미검증
2026-10-08,강남,49036,풀에버정문,15,5,10,05:00,05:30,567.0,09:27,conditional_reserved_taxi,지도 지점 예약 차량 즉시 출발 가정; 실제 배차·요금·예약 가능 여부 미검증
2026-10-08,강남,49008,LH10단지,15,5,15,04:55,05:30,567.0,09:27,conditional_reserved_taxi,지도 지점 예약 차량 즉시 출발 가정; 실제 배차·요금·예약 가능 여부 미검증
2026-10-08,강남,49036,풀에버정문,15,5,15,04:55,05:30,567.0,09:27,conditional_reserved_taxi,지도 지점 예약 차량 즉시 출발 가정; 실제 배차·요금·예약 가능 여부 미검증
2026-10-08,강남,49008,LH10단지,15,10,10,04:55,05:30,567.0,09:27,conditional_reserved_taxi,지도 지점 예약 차량 즉시 출발 가정; 실제 배차·요금·예약 가능 여부 미검증
2026-10-08,강남,49036,풀에버정문,15,10,10,04:55,05:30,567.0,09:27,conditional_reserved_taxi,지도 지점 예약 차량 즉시 출발 가정; 실제 배차·요금·예약 가능 여부 미검증
2026-10-08,강남,49008,LH10단지,15,10,15,04:50,05:30,567.0,09:27,conditional_reserved_taxi,지도 지점 예약 차량 즉시 출발 가정; 실제 배차·요금·예약 가능 여부 미검증
2026-10-08,강남,49036,풀에버정문,15,10,15,04:50,05:30,567.0,09:27,conditional_reserved_taxi,지도 지점 예약 차량 즉시 출발 가정; 실제 배차·요금·예약 가능 여부 미검증
2026-10-08,서울역,49008,LH10단지,5,5,10,05:10,05:30,584.0,09:44,conditional_reserved_taxi,지도 지점 예약 차량 즉시 출발 가정; 실제 배차·요금·예약 가능 여부 미검증
2026-10-08,서울역,49036,풀에버정문,5,5,10,05:10,05:30,584.0,09:44,conditional_reserved_taxi,지도 지점 예약 차량 즉시 출발 가정; 실제 배차·요금·예약 가능 여부 미검증
2026-10-08,서울역,49008,LH10단지,5,5,15,05:05,05:30,584.0,09:44,conditional_reserved_taxi,지도 지점 예약 차량 즉시 출발 가정; 실제 배차·요금·예약 가능 여부 미검증
2026-10-08,서울역,49036,풀에버정문,5,5,15,05:05,05:30,584.0,09:44,conditional_reserved_taxi,지도 지점 예약 차량 즉시 출발 가정; 실제 배차·요금·예약 가능 여부 미검증
2026-10-08,서울역,49008,LH10단지,5,10,10,05:05,05:30,584.0,09:44,conditional_reserved_taxi,지도 지점 예약 차량 즉시 출발 가정; 실제 배차·요금·예약 가능 여부 미검증
2026-10-08,서울역,49036,풀에버정문,5,10,10,05:05,05:30,584.0,09:44,conditional_reserved_taxi,지도 지점 예약 차량 즉시 출발 가정; 실제 배차·요금·예약 가능 여부 미검증
2026-10-08,서울역,49008,LH10단지,5,10,15,05:00,05:30,584.0,09:44,conditional_reserved_taxi,지도 지점 예약 차량 즉시 출발 가정; 실제 배차·요금·예약 가능 여부 미검증
2026-10-08,서울역,49036,풀에버정문,5,10,15,05:00,05:30,584.0,09:44,conditional_reserved_taxi,지도 지점 예약 차량 즉시 출발 가정; 실제 배차·요금·예약 가능 여부 미검증
2026-10-08,서울역,49008,LH10단지,10,5,10,05:05,05:30,584.0,09:44,conditional_reserved_taxi,지도 지점 예약 차량 즉시 출발 가정; 실제 배차·요금·예약 가능 여부 미검증
2026-10-08,서울역,49036,풀에버정문,10,5,10,05:05,05:30,584.0,09:44,conditional_reserved_taxi,지도 지점 예약 차량 즉시 출발 가정; 실제 배차·요금·예약 가능 여부 미검증
2026-10-08,서울역,49008,LH10단지,10,5,15,05:00,05:30,584.0,09:44,conditional_reserved_taxi,지도 지점 예약 차량 즉시 출발 가정; 실제 배차·요금·예약 가능 여부 미검증
2026-10-08,서울역,49036,풀에버정문,10,5,15,05:00,05:30,584.0,09:44,conditional_reserved_taxi,지도 지점 예약 차량 즉시 출발 가정; 실제 배차·요금·예약 가능 여부 미검증
2026-10-08,서울역,49008,LH10단지,10,10,10,05:00,05:30,584.0,09:44,conditional_reserved_taxi,지도 지점 예약 차량 즉시 출발 가정; 실제 배차·요금·예약 가능 여부 미검증
2026-10-08,서울역,49036,풀에버정문,10,10,10,05:00,05:30,584.0,09:44,conditional_reserved_taxi,지도 지점 예약 차량 즉시 출발 가정; 실제 배차·요금·예약 가능 여부 미검증
2026-10-08,서울역,49008,LH10단지,10,10,15,04:55,05:30,584.0,09:44,conditional_reserved_taxi,지도 지점 예약 차량 즉시 출발 가정; 실제 배차·요금·예약 가능 여부 미검증
2026-10-08,서울역,49036,풀에버정문,10,10,15,04:55,05:30,584.0,09:44,conditional_reserved_taxi,지도 지점 예약 차량 즉시 출발 가정; 실제 배차·요금·예약 가능 여부 미검증
2026-10-08,서울역,49008,LH10단지,15,5,10,05:00,05:30,584.0,09:44,conditional_reserved_taxi,지도 지점 예약 차량 즉시 출발 가정; 실제 배차·요금·예약 가능 여부 미검증
2026-10-08,서울역,49036,풀에버정문,15,5,10,05:00,05:30,584.0,09:44,conditional_reserved_taxi,지도 지점 예약 차량 즉시 출발 가정; 실제 배차·요금·예약 가능 여부 미검증
2026-10-08,서울역,49008,LH10단지,15,5,15,04:55,05:30,584.0,09:44,conditional_reserved_taxi,지도 지점 예약 차량 즉시 출발 가정; 실제 배차·요금·예약 가능 여부 미검증
2026-10-08,서울역,49036,풀에버정문,15,5,15,04:55,05:30,584.0,09:44,conditional_reserved_taxi,지도 지점 예약 차량 즉시 출발 가정; 실제 배차·요금·예약 가능 여부 미검증
2026-10-08,서울역,49008,LH10단지,15,10,10,04:55,05:30,584.0,09:44,conditional_reserved_taxi,지도 지점 예약 차량 즉시 출발 가정; 실제 배차·요금·예약 가능 여부 미검증
2026-10-08,서울역,49036,풀에버정문,15,10,10,04:55,05:30,584.0,09:44,conditional_reserved_taxi,지도 지점 예약 차량 즉시 출발 가정; 실제 배차·요금·예약 가능 여부 미검증
2026-10-08,서울역,49008,LH10단지,15,10,15,04:50,05:30,584.0,09:44,conditional_reserved_taxi,지도 지점 예약 차량 즉시 출발 가정; 실제 배차·요금·예약 가능 여부 미검증
2026-10-08,서울역,49036,풀에버정문,15,10,15,04:50,05:30,584.0,09:44,conditional_reserved_taxi,지도 지점 예약 차량 즉시 출발 가정; 실제 배차·요금·예약 가능 여부 미검증
2026-10-08,사당,49008,LH10단지,5,5,10,05:10,05:30,573.0,09:33,conditional_reserved_taxi,지도 지점 예약 차량 즉시 출발 가정; 실제 배차·요금·예약 가능 여부 미검증
2026-10-08,사당,49036,풀에버정문,5,5,10,05:10,05:30,573.0,09:33,conditional_reserved_taxi,지도 지점 예약 차량 즉시 출발 가정; 실제 배차·요금·예약 가능 여부 미검증
2026-10-08,사당,49008,LH10단지,5,5,15,05:05,05:30,573.0,09:33,conditional_reserved_taxi,지도 지점 예약 차량 즉시 출발 가정; 실제 배차·요금·예약 가능 여부 미검증
2026-10-08,사당,49036,풀에버정문,5,5,15,05:05,05:30,573.0,09:33,conditional_reserved_taxi,지도 지점 예약 차량 즉시 출발 가정; 실제 배차·요금·예약 가능 여부 미검증
2026-10-08,사당,49008,LH10단지,5,10,10,05:05,05:30,573.0,09:33,conditional_reserved_taxi,지도 지점 예약 차량 즉시 출발 가정; 실제 배차·요금·예약 가능 여부 미검증
2026-10-08,사당,49036,풀에버정문,5,10,10,05:05,05:30,573.0,09:33,conditional_reserved_taxi,지도 지점 예약 차량 즉시 출발 가정; 실제 배차·요금·예약 가능 여부 미검증
2026-10-08,사당,49008,LH10단지,5,10,15,05:00,05:30,573.0,09:33,conditional_reserved_taxi,지도 지점 예약 차량 즉시 출발 가정; 실제 배차·요금·예약 가능 여부 미검증
2026-10-08,사당,49036,풀에버정문,5,10,15,05:00,05:30,573.0,09:33,conditional_reserved_taxi,지도 지점 예약 차량 즉시 출발 가정; 실제 배차·요금·예약 가능 여부 미검증
2026-10-08,사당,49008,LH10단지,10,5,10,05:05,05:30,573.0,09:33,conditional_reserved_taxi,지도 지점 예약 차량 즉시 출발 가정; 실제 배차·요금·예약 가능 여부 미검증
2026-10-08,사당,49036,풀에버정문,10,5,10,05:05,05:30,573.0,09:33,conditional_reserved_taxi,지도 지점 예약 차량 즉시 출발 가정; 실제 배차·요금·예약 가능 여부 미검증
2026-10-08,사당,49008,LH10단지,10,5,15,05:00,05:30,573.0,09:33,conditional_reserved_taxi,지도 지점 예약 차량 즉시 출발 가정; 실제 배차·요금·예약 가능 여부 미검증
2026-10-08,사당,49036,풀에버정문,10,5,15,05:00,05:30,573.0,09:33,conditional_reserved_taxi,지도 지점 예약 차량 즉시 출발 가정; 실제 배차·요금·예약 가능 여부 미검증
2026-10-08,사당,49008,LH10단지,10,10,10,05:00,05:30,573.0,09:33,conditional_reserved_taxi,지도 지점 예약 차량 즉시 출발 가정; 실제 배차·요금·예약 가능 여부 미검증
2026-10-08,사당,49036,풀에버정문,10,10,10,05:00,05:30,573.0,09:33,conditional_reserved_taxi,지도 지점 예약 차량 즉시 출발 가정; 실제 배차·요금·예약 가능 여부 미검증
2026-10-08,사당,49008,LH10단지,10,10,15,04:55,05:30,573.0,09:33,conditional_reserved_taxi,지도 지점 예약 차량 즉시 출발 가정; 실제 배차·요금·예약 가능 여부 미검증
2026-10-08,사당,49036,풀에버정문,10,10,15,04:55,05:30,573.0,09:33,conditional_reserved_taxi,지도 지점 예약 차량 즉시 출발 가정; 실제 배차·요금·예약 가능 여부 미검증
2026-10-08,사당,49008,LH10단지,15,5,10,05:00,05:30,573.0,09:33,conditional_reserved_taxi,지도 지점 예약 차량 즉시 출발 가정; 실제 배차·요금·예약 가능 여부 미검증
2026-10-08,사당,49036,풀에버정문,15,5,10,05:00,05:30,573.0,09:33,conditional_reserved_taxi,지도 지점 예약 차량 즉시 출발 가정; 실제 배차·요금·예약 가능 여부 미검증
2026-10-08,사당,49008,LH10단지,15,5,15,04:55,05:30,573.0,09:33,conditional_reserved_taxi,지도 지점 예약 차량 즉시 출발 가정; 실제 배차·요금·예약 가능 여부 미검증
2026-10-08,사당,49036,풀에버정문,15,5,15,04:55,05:30,573.0,09:33,conditional_reserved_taxi,지도 지점 예약 차량 즉시 출발 가정; 실제 배차·요금·예약 가능 여부 미검증
2026-10-08,사당,49008,LH10단지,15,10,10,04:55,05:30,573.0,09:33,conditional_reserved_taxi,지도 지점 예약 차량 즉시 출발 가정; 실제 배차·요금·예약 가능 여부 미검증
2026-10-08,사당,49036,풀에버정문,15,10,10,04:55,05:30,573.0,09:33,conditional_reserved_taxi,지도 지점 예약 차량 즉시 출발 가정; 실제 배차·요금·예약 가능 여부 미검증
2026-10-08,사당,49008,LH10단지,15,10,15,04:50,05:30,573.0,09:33,conditional_reserved_taxi,지도 지점 예약 차량 즉시 출발 가정; 실제 배차·요금·예약 가능 여부 미검증
2026-10-08,사당,49036,풀에버정문,15,10,15,04:50,05:30,573.0,09:33,conditional_reserved_taxi,지도 지점 예약 차량 즉시 출발 가정; 실제 배차·요금·예약 가능 여부 미검증
2026-10-13,강남,49008,LH10단지,5,5,10,05:10,05:30,567.0,09:27,conditional_reserved_taxi,지도 지점 예약 차량 즉시 출발 가정; 실제 배차·요금·예약 가능 여부 미검증
2026-10-13,강남,49036,풀에버정문,5,5,10,05:10,05:30,567.0,09:27,conditional_reserved_taxi,지도 지점 예약 차량 즉시 출발 가정; 실제 배차·요금·예약 가능 여부 미검증
2026-10-13,강남,49008,LH10단지,5,5,15,05:05,05:30,567.0,09:27,conditional_reserved_taxi,지도 지점 예약 차량 즉시 출발 가정; 실제 배차·요금·예약 가능 여부 미검증
2026-10-13,강남,49036,풀에버정문,5,5,15,05:05,05:30,567.0,09:27,conditional_reserved_taxi,지도 지점 예약 차량 즉시 출발 가정; 실제 배차·요금·예약 가능 여부 미검증
2026-10-13,강남,49008,LH10단지,5,10,10,05:05,05:30,567.0,09:27,conditional_reserved_taxi,지도 지점 예약 차량 즉시 출발 가정; 실제 배차·요금·예약 가능 여부 미검증
2026-10-13,강남,49036,풀에버정문,5,10,10,05:05,05:30,567.0,09:27,conditional_reserved_taxi,지도 지점 예약 차량 즉시 출발 가정; 실제 배차·요금·예약 가능 여부 미검증
2026-10-13,강남,49008,LH10단지,5,10,15,05:00,05:30,567.0,09:27,conditional_reserved_taxi,지도 지점 예약 차량 즉시 출발 가정; 실제 배차·요금·예약 가능 여부 미검증
2026-10-13,강남,49036,풀에버정문,5,10,15,05:00,05:30,567.0,09:27,conditional_reserved_taxi,지도 지점 예약 차량 즉시 출발 가정; 실제 배차·요금·예약 가능 여부 미검증
2026-10-13,강남,49008,LH10단지,10,5,10,05:05,05:30,567.0,09:27,conditional_reserved_taxi,지도 지점 예약 차량 즉시 출발 가정; 실제 배차·요금·예약 가능 여부 미검증
2026-10-13,강남,49036,풀에버정문,10,5,10,05:05,05:30,567.0,09:27,conditional_reserved_taxi,지도 지점 예약 차량 즉시 출발 가정; 실제 배차·요금·예약 가능 여부 미검증
2026-10-13,강남,49008,LH10단지,10,5,15,05:00,05:30,567.0,09:27,conditional_reserved_taxi,지도 지점 예약 차량 즉시 출발 가정; 실제 배차·요금·예약 가능 여부 미검증
2026-10-13,강남,49036,풀에버정문,10,5,15,05:00,05:30,567.0,09:27,conditional_reserved_taxi,지도 지점 예약 차량 즉시 출발 가정; 실제 배차·요금·예약 가능 여부 미검증
2026-10-13,강남,49008,LH10단지,10,10,10,05:00,05:30,567.0,09:27,conditional_reserved_taxi,지도 지점 예약 차량 즉시 출발 가정; 실제 배차·요금·예약 가능 여부 미검증
2026-10-13,강남,49036,풀에버정문,10,10,10,05:00,05:30,567.0,09:27,conditional_reserved_taxi,지도 지점 예약 차량 즉시 출발 가정; 실제 배차·요금·예약 가능 여부 미검증
2026-10-13,강남,49008,LH10단지,10,10,15,04:55,05:30,567.0,09:27,conditional_reserved_taxi,지도 지점 예약 차량 즉시 출발 가정; 실제 배차·요금·예약 가능 여부 미검증
2026-10-13,강남,49036,풀에버정문,10,10,15,04:55,05:30,567.0,09:27,conditional_reserved_taxi,지도 지점 예약 차량 즉시 출발 가정; 실제 배차·요금·예약 가능 여부 미검증
2026-10-13,강남,49008,LH10단지,15,5,10,05:00,05:30,567.0,09:27,conditional_reserved_taxi,지도 지점 예약 차량 즉시 출발 가정; 실제 배차·요금·예약 가능 여부 미검증
2026-10-13,강남,49036,풀에버정문,15,5,10,05:00,05:30,567.0,09:27,conditional_reserved_taxi,지도 지점 예약 차량 즉시 출발 가정; 실제 배차·요금·예약 가능 여부 미검증
2026-10-13,강남,49008,LH10단지,15,5,15,04:55,05:30,567.0,09:27,conditional_reserved_taxi,지도 지점 예약 차량 즉시 출발 가정; 실제 배차·요금·예약 가능 여부 미검증
2026-10-13,강남,49036,풀에버정문,15,5,15,04:55,05:30,567.0,09:27,conditional_reserved_taxi,지도 지점 예약 차량 즉시 출발 가정; 실제 배차·요금·예약 가능 여부 미검증
2026-10-13,강남,49008,LH10단지,15,10,10,04:55,05:30,567.0,09:27,conditional_reserved_taxi,지도 지점 예약 차량 즉시 출발 가정; 실제 배차·요금·예약 가능 여부 미검증
2026-10-13,강남,49036,풀에버정문,15,10,10,04:55,05:30,567.0,09:27,conditional_reserved_taxi,지도 지점 예약 차량 즉시 출발 가정; 실제 배차·요금·예약 가능 여부 미검증
2026-10-13,강남,49008,LH10단지,15,10,15,04:50,05:30,567.0,09:27,conditional_reserved_taxi,지도 지점 예약 차량 즉시 출발 가정; 실제 배차·요금·예약 가능 여부 미검증
2026-10-13,강남,49036,풀에버정문,15,10,15,04:50,05:30,567.0,09:27,conditional_reserved_taxi,지도 지점 예약 차량 즉시 출발 가정; 실제 배차·요금·예약 가능 여부 미검증
2026-10-13,서울역,49008,LH10단지,5,5,10,05:10,05:30,584.0,09:44,conditional_reserved_taxi,지도 지점 예약 차량 즉시 출발 가정; 실제 배차·요금·예약 가능 여부 미검증
2026-10-13,서울역,49036,풀에버정문,5,5,10,05:10,05:30,584.0,09:44,conditional_reserved_taxi,지도 지점 예약 차량 즉시 출발 가정; 실제 배차·요금·예약 가능 여부 미검증
2026-10-13,서울역,49008,LH10단지,5,5,15,05:05,05:30,584.0,09:44,conditional_reserved_taxi,지도 지점 예약 차량 즉시 출발 가정; 실제 배차·요금·예약 가능 여부 미검증
2026-10-13,서울역,49036,풀에버정문,5,5,15,05:05,05:30,584.0,09:44,conditional_reserved_taxi,지도 지점 예약 차량 즉시 출발 가정; 실제 배차·요금·예약 가능 여부 미검증
2026-10-13,서울역,49008,LH10단지,5,10,10,05:05,05:30,584.0,09:44,conditional_reserved_taxi,지도 지점 예약 차량 즉시 출발 가정; 실제 배차·요금·예약 가능 여부 미검증
2026-10-13,서울역,49036,풀에버정문,5,10,10,05:05,05:30,584.0,09:44,conditional_reserved_taxi,지도 지점 예약 차량 즉시 출발 가정; 실제 배차·요금·예약 가능 여부 미검증
2026-10-13,서울역,49008,LH10단지,5,10,15,05:00,05:30,584.0,09:44,conditional_reserved_taxi,지도 지점 예약 차량 즉시 출발 가정; 실제 배차·요금·예약 가능 여부 미검증
2026-10-13,서울역,49036,풀에버정문,5,10,15,05:00,05:30,584.0,09:44,conditional_reserved_taxi,지도 지점 예약 차량 즉시 출발 가정; 실제 배차·요금·예약 가능 여부 미검증
2026-10-13,서울역,49008,LH10단지,10,5,10,05:05,05:30,584.0,09:44,conditional_reserved_taxi,지도 지점 예약 차량 즉시 출발 가정; 실제 배차·요금·예약 가능 여부 미검증
2026-10-13,서울역,49036,풀에버정문,10,5,10,05:05,05:30,584.0,09:44,conditional_reserved_taxi,지도 지점 예약 차량 즉시 출발 가정; 실제 배차·요금·예약 가능 여부 미검증
2026-10-13,서울역,49008,LH10단지,10,5,15,05:00,05:30,584.0,09:44,conditional_reserved_taxi,지도 지점 예약 차량 즉시 출발 가정; 실제 배차·요금·예약 가능 여부 미검증
2026-10-13,서울역,49036,풀에버정문,10,5,15,05:00,05:30,584.0,09:44,conditional_reserved_taxi,지도 지점 예약 차량 즉시 출발 가정; 실제 배차·요금·예약 가능 여부 미검증
2026-10-13,서울역,49008,LH10단지,10,10,10,05:00,05:30,584.0,09:44,conditional_reserved_taxi,지도 지점 예약 차량 즉시 출발 가정; 실제 배차·요금·예약 가능 여부 미검증
2026-10-13,서울역,49036,풀에버정문,10,10,10,05:00,05:30,584.0,09:44,conditional_reserved_taxi,지도 지점 예약 차량 즉시 출발 가정; 실제 배차·요금·예약 가능 여부 미검증
2026-10-13,서울역,49008,LH10단지,10,10,15,04:55,05:30,584.0,09:44,conditional_reserved_taxi,지도 지점 예약 차량 즉시 출발 가정; 실제 배차·요금·예약 가능 여부 미검증
2026-10-13,서울역,49036,풀에버정문,10,10,15,04:55,05:30,584.0,09:44,conditional_reserved_taxi,지도 지점 예약 차량 즉시 출발 가정; 실제 배차·요금·예약 가능 여부 미검증
2026-10-13,서울역,49008,LH10단지,15,5,10,05:00,05:30,584.0,09:44,conditional_reserved_taxi,지도 지점 예약 차량 즉시 출발 가정; 실제 배차·요금·예약 가능 여부 미검증
2026-10-13,서울역,49036,풀에버정문,15,5,10,05:00,05:30,584.0,09:44,conditional_reserved_taxi,지도 지점 예약 차량 즉시 출발 가정; 실제 배차·요금·예약 가능 여부 미검증
2026-10-13,서울역,49008,LH10단지,15,5,15,04:55,05:30,584.0,09:44,conditional_reserved_taxi,지도 지점 예약 차량 즉시 출발 가정; 실제 배차·요금·예약 가능 여부 미검증
2026-10-13,서울역,49036,풀에버정문,15,5,15,04:55,05:30,584.0,09:44,conditional_reserved_taxi,지도 지점 예약 차량 즉시 출발 가정; 실제 배차·요금·예약 가능 여부 미검증
2026-10-13,서울역,49008,LH10단지,15,10,10,04:55,05:30,584.0,09:44,conditional_reserved_taxi,지도 지점 예약 차량 즉시 출발 가정; 실제 배차·요금·예약 가능 여부 미검증
2026-10-13,서울역,49036,풀에버정문,15,10,10,04:55,05:30,584.0,09:44,conditional_reserved_taxi,지도 지점 예약 차량 즉시 출발 가정; 실제 배차·요금·예약 가능 여부 미검증
2026-10-13,서울역,49008,LH10단지,15,10,15,04:50,05:30,584.0,09:44,conditional_reserved_taxi,지도 지점 예약 차량 즉시 출발 가정; 실제 배차·요금·예약 가능 여부 미검증
2026-10-13,서울역,49036,풀에버정문,15,10,15,04:50,05:30,584.0,09:44,conditional_reserved_taxi,지도 지점 예약 차량 즉시 출발 가정; 실제 배차·요금·예약 가능 여부 미검증
2026-10-13,사당,49008,LH10단지,5,5,10,05:10,05:30,573.0,09:33,conditional_reserved_taxi,지도 지점 예약 차량 즉시 출발 가정; 실제 배차·요금·예약 가능 여부 미검증
2026-10-13,사당,49036,풀에버정문,5,5,10,05:10,05:30,573.0,09:33,conditional_reserved_taxi,지도 지점 예약 차량 즉시 출발 가정; 실제 배차·요금·예약 가능 여부 미검증
2026-10-13,사당,49008,LH10단지,5,5,15,05:05,05:30,573.0,09:33,conditional_reserved_taxi,지도 지점 예약 차량 즉시 출발 가정; 실제 배차·요금·예약 가능 여부 미검증
2026-10-13,사당,49036,풀에버정문,5,5,15,05:05,05:30,573.0,09:33,conditional_reserved_taxi,지도 지점 예약 차량 즉시 출발 가정; 실제 배차·요금·예약 가능 여부 미검증
2026-10-13,사당,49008,LH10단지,5,10,10,05:05,05:30,573.0,09:33,conditional_reserved_taxi,지도 지점 예약 차량 즉시 출발 가정; 실제 배차·요금·예약 가능 여부 미검증
2026-10-13,사당,49036,풀에버정문,5,10,10,05:05,05:30,573.0,09:33,conditional_reserved_taxi,지도 지점 예약 차량 즉시 출발 가정; 실제 배차·요금·예약 가능 여부 미검증
2026-10-13,사당,49008,LH10단지,5,10,15,05:00,05:30,573.0,09:33,conditional_reserved_taxi,지도 지점 예약 차량 즉시 출발 가정; 실제 배차·요금·예약 가능 여부 미검증
2026-10-13,사당,49036,풀에버정문,5,10,15,05:00,05:30,573.0,09:33,conditional_reserved_taxi,지도 지점 예약 차량 즉시 출발 가정; 실제 배차·요금·예약 가능 여부 미검증
2026-10-13,사당,49008,LH10단지,10,5,10,05:05,05:30,573.0,09:33,conditional_reserved_taxi,지도 지점 예약 차량 즉시 출발 가정; 실제 배차·요금·예약 가능 여부 미검증
2026-10-13,사당,49036,풀에버정문,10,5,10,05:05,05:30,573.0,09:33,conditional_reserved_taxi,지도 지점 예약 차량 즉시 출발 가정; 실제 배차·요금·예약 가능 여부 미검증
2026-10-13,사당,49008,LH10단지,10,5,15,05:00,05:30,573.0,09:33,conditional_reserved_taxi,지도 지점 예약 차량 즉시 출발 가정; 실제 배차·요금·예약 가능 여부 미검증
2026-10-13,사당,49036,풀에버정문,10,5,15,05:00,05:30,573.0,09:33,conditional_reserved_taxi,지도 지점 예약 차량 즉시 출발 가정; 실제 배차·요금·예약 가능 여부 미검증
2026-10-13,사당,49008,LH10단지,10,10,10,05:00,05:30,573.0,09:33,conditional_reserved_taxi,지도 지점 예약 차량 즉시 출발 가정; 실제 배차·요금·예약 가능 여부 미검증
2026-10-13,사당,49036,풀에버정문,10,10,10,05:00,05:30,573.0,09:33,conditional_reserved_taxi,지도 지점 예약 차량 즉시 출발 가정; 실제 배차·요금·예약 가능 여부 미검증
2026-10-13,사당,49008,LH10단지,10,10,15,04:55,05:30,573.0,09:33,conditional_reserved_taxi,지도 지점 예약 차량 즉시 출발 가정; 실제 배차·요금·예약 가능 여부 미검증
2026-10-13,사당,49036,풀에버정문,10,10,15,04:55,05:30,573.0,09:33,conditional_reserved_taxi,지도 지점 예약 차량 즉시 출발 가정; 실제 배차·요금·예약 가능 여부 미검증
2026-10-13,사당,49008,LH10단지,15,5,10,05:00,05:30,573.0,09:33,conditional_reserved_taxi,지도 지점 예약 차량 즉시 출발 가정; 실제 배차·요금·예약 가능 여부 미검증
2026-10-13,사당,49036,풀에버정문,15,5,10,05:00,05:30,573.0,09:33,conditional_reserved_taxi,지도 지점 예약 차량 즉시 출발 가정; 실제 배차·요금·예약 가능 여부 미검증
2026-10-13,사당,49008,LH10단지,15,5,15,04:55,05:30,573.0,09:33,conditional_reserved_taxi,지도 지점 예약 차량 즉시 출발 가정; 실제 배차·요금·예약 가능 여부 미검증
2026-10-13,사당,49036,풀에버정문,15,5,15,04:55,05:30,573.0,09:33,conditional_reserved_taxi,지도 지점 예약 차량 즉시 출발 가정; 실제 배차·요금·예약 가능 여부 미검증
2026-10-13,사당,49008,LH10단지,15,10,10,04:55,05:30,573.0,09:33,conditional_reserved_taxi,지도 지점 예약 차량 즉시 출발 가정; 실제 배차·요금·예약 가능 여부 미검증
2026-10-13,사당,49036,풀에버정문,15,10,10,04:55,05:30,573.0,09:33,conditional_reserved_taxi,지도 지점 예약 차량 즉시 출발 가정; 실제 배차·요금·예약 가능 여부 미검증
2026-10-13,사당,49008,LH10단지,15,10,15,04:50,05:30,573.0,09:33,conditional_reserved_taxi,지도 지점 예약 차량 즉시 출발 가정; 실제 배차·요금·예약 가능 여부 미검증
2026-10-13,사당,49036,풀에버정문,15,10,15,04:50,05:30,573.0,09:33,conditional_reserved_taxi,지도 지점 예약 차량 즉시 출발 가정; 실제 배차·요금·예약 가능 여부 미검증
2026-10-15,강남,49008,LH10단지,5,5,10,05:10,05:30,567.0,09:27,conditional_reserved_taxi,지도 지점 예약 차량 즉시 출발 가정; 실제 배차·요금·예약 가능 여부 미검증
2026-10-15,강남,49036,풀에버정문,5,5,10,05:10,05:30,567.0,09:27,conditional_reserved_taxi,지도 지점 예약 차량 즉시 출발 가정; 실제 배차·요금·예약 가능 여부 미검증
2026-10-15,강남,49008,LH10단지,5,5,15,05:05,05:30,567.0,09:27,conditional_reserved_taxi,지도 지점 예약 차량 즉시 출발 가정; 실제 배차·요금·예약 가능 여부 미검증
2026-10-15,강남,49036,풀에버정문,5,5,15,05:05,05:30,567.0,09:27,conditional_reserved_taxi,지도 지점 예약 차량 즉시 출발 가정; 실제 배차·요금·예약 가능 여부 미검증
2026-10-15,강남,49008,LH10단지,5,10,10,05:05,05:30,567.0,09:27,conditional_reserved_taxi,지도 지점 예약 차량 즉시 출발 가정; 실제 배차·요금·예약 가능 여부 미검증
2026-10-15,강남,49036,풀에버정문,5,10,10,05:05,05:30,567.0,09:27,conditional_reserved_taxi,지도 지점 예약 차량 즉시 출발 가정; 실제 배차·요금·예약 가능 여부 미검증
2026-10-15,강남,49008,LH10단지,5,10,15,05:00,05:30,567.0,09:27,conditional_reserved_taxi,지도 지점 예약 차량 즉시 출발 가정; 실제 배차·요금·예약 가능 여부 미검증
2026-10-15,강남,49036,풀에버정문,5,10,15,05:00,05:30,567.0,09:27,conditional_reserved_taxi,지도 지점 예약 차량 즉시 출발 가정; 실제 배차·요금·예약 가능 여부 미검증
2026-10-15,강남,49008,LH10단지,10,5,10,05:05,05:30,567.0,09:27,conditional_reserved_taxi,지도 지점 예약 차량 즉시 출발 가정; 실제 배차·요금·예약 가능 여부 미검증
2026-10-15,강남,49036,풀에버정문,10,5,10,05:05,05:30,567.0,09:27,conditional_reserved_taxi,지도 지점 예약 차량 즉시 출발 가정; 실제 배차·요금·예약 가능 여부 미검증
2026-10-15,강남,49008,LH10단지,10,5,15,05:00,05:30,567.0,09:27,conditional_reserved_taxi,지도 지점 예약 차량 즉시 출발 가정; 실제 배차·요금·예약 가능 여부 미검증
2026-10-15,강남,49036,풀에버정문,10,5,15,05:00,05:30,567.0,09:27,conditional_reserved_taxi,지도 지점 예약 차량 즉시 출발 가정; 실제 배차·요금·예약 가능 여부 미검증
2026-10-15,강남,49008,LH10단지,10,10,10,05:00,05:30,567.0,09:27,conditional_reserved_taxi,지도 지점 예약 차량 즉시 출발 가정; 실제 배차·요금·예약 가능 여부 미검증
2026-10-15,강남,49036,풀에버정문,10,10,10,05:00,05:30,567.0,09:27,conditional_reserved_taxi,지도 지점 예약 차량 즉시 출발 가정; 실제 배차·요금·예약 가능 여부 미검증
2026-10-15,강남,49008,LH10단지,10,10,15,04:55,05:30,567.0,09:27,conditional_reserved_taxi,지도 지점 예약 차량 즉시 출발 가정; 실제 배차·요금·예약 가능 여부 미검증
2026-10-15,강남,49036,풀에버정문,10,10,15,04:55,05:30,567.0,09:27,conditional_reserved_taxi,지도 지점 예약 차량 즉시 출발 가정; 실제 배차·요금·예약 가능 여부 미검증
2026-10-15,강남,49008,LH10단지,15,5,10,05:00,05:30,567.0,09:27,conditional_reserved_taxi,지도 지점 예약 차량 즉시 출발 가정; 실제 배차·요금·예약 가능 여부 미검증
2026-10-15,강남,49036,풀에버정문,15,5,10,05:00,05:30,567.0,09:27,conditional_reserved_taxi,지도 지점 예약 차량 즉시 출발 가정; 실제 배차·요금·예약 가능 여부 미검증
2026-10-15,강남,49008,LH10단지,15,5,15,04:55,05:30,567.0,09:27,conditional_reserved_taxi,지도 지점 예약 차량 즉시 출발 가정; 실제 배차·요금·예약 가능 여부 미검증
2026-10-15,강남,49036,풀에버정문,15,5,15,04:55,05:30,567.0,09:27,conditional_reserved_taxi,지도 지점 예약 차량 즉시 출발 가정; 실제 배차·요금·예약 가능 여부 미검증
2026-10-15,강남,49008,LH10단지,15,10,10,04:55,05:30,567.0,09:27,conditional_reserved_taxi,지도 지점 예약 차량 즉시 출발 가정; 실제 배차·요금·예약 가능 여부 미검증
2026-10-15,강남,49036,풀에버정문,15,10,10,04:55,05:30,567.0,09:27,conditional_reserved_taxi,지도 지점 예약 차량 즉시 출발 가정; 실제 배차·요금·예약 가능 여부 미검증
2026-10-15,강남,49008,LH10단지,15,10,15,04:50,05:30,567.0,09:27,conditional_reserved_taxi,지도 지점 예약 차량 즉시 출발 가정; 실제 배차·요금·예약 가능 여부 미검증
2026-10-15,강남,49036,풀에버정문,15,10,15,04:50,05:30,567.0,09:27,conditional_reserved_taxi,지도 지점 예약 차량 즉시 출발 가정; 실제 배차·요금·예약 가능 여부 미검증
2026-10-15,서울역,49008,LH10단지,5,5,10,05:10,05:30,584.0,09:44,conditional_reserved_taxi,지도 지점 예약 차량 즉시 출발 가정; 실제 배차·요금·예약 가능 여부 미검증
2026-10-15,서울역,49036,풀에버정문,5,5,10,05:10,05:30,584.0,09:44,conditional_reserved_taxi,지도 지점 예약 차량 즉시 출발 가정; 실제 배차·요금·예약 가능 여부 미검증
2026-10-15,서울역,49008,LH10단지,5,5,15,05:05,05:30,584.0,09:44,conditional_reserved_taxi,지도 지점 예약 차량 즉시 출발 가정; 실제 배차·요금·예약 가능 여부 미검증
2026-10-15,서울역,49036,풀에버정문,5,5,15,05:05,05:30,584.0,09:44,conditional_reserved_taxi,지도 지점 예약 차량 즉시 출발 가정; 실제 배차·요금·예약 가능 여부 미검증
2026-10-15,서울역,49008,LH10단지,5,10,10,05:05,05:30,584.0,09:44,conditional_reserved_taxi,지도 지점 예약 차량 즉시 출발 가정; 실제 배차·요금·예약 가능 여부 미검증
2026-10-15,서울역,49036,풀에버정문,5,10,10,05:05,05:30,584.0,09:44,conditional_reserved_taxi,지도 지점 예약 차량 즉시 출발 가정; 실제 배차·요금·예약 가능 여부 미검증
2026-10-15,서울역,49008,LH10단지,5,10,15,05:00,05:30,584.0,09:44,conditional_reserved_taxi,지도 지점 예약 차량 즉시 출발 가정; 실제 배차·요금·예약 가능 여부 미검증
2026-10-15,서울역,49036,풀에버정문,5,10,15,05:00,05:30,584.0,09:44,conditional_reserved_taxi,지도 지점 예약 차량 즉시 출발 가정; 실제 배차·요금·예약 가능 여부 미검증
2026-10-15,서울역,49008,LH10단지,10,5,10,05:05,05:30,584.0,09:44,conditional_reserved_taxi,지도 지점 예약 차량 즉시 출발 가정; 실제 배차·요금·예약 가능 여부 미검증
2026-10-15,서울역,49036,풀에버정문,10,5,10,05:05,05:30,584.0,09:44,conditional_reserved_taxi,지도 지점 예약 차량 즉시 출발 가정; 실제 배차·요금·예약 가능 여부 미검증
2026-10-15,서울역,49008,LH10단지,10,5,15,05:00,05:30,584.0,09:44,conditional_reserved_taxi,지도 지점 예약 차량 즉시 출발 가정; 실제 배차·요금·예약 가능 여부 미검증
2026-10-15,서울역,49036,풀에버정문,10,5,15,05:00,05:30,584.0,09:44,conditional_reserved_taxi,지도 지점 예약 차량 즉시 출발 가정; 실제 배차·요금·예약 가능 여부 미검증
2026-10-15,서울역,49008,LH10단지,10,10,10,05:00,05:30,584.0,09:44,conditional_reserved_taxi,지도 지점 예약 차량 즉시 출발 가정; 실제 배차·요금·예약 가능 여부 미검증
2026-10-15,서울역,49036,풀에버정문,10,10,10,05:00,05:30,584.0,09:44,conditional_reserved_taxi,지도 지점 예약 차량 즉시 출발 가정; 실제 배차·요금·예약 가능 여부 미검증
2026-10-15,서울역,49008,LH10단지,10,10,15,04:55,05:30,584.0,09:44,conditional_reserved_taxi,지도 지점 예약 차량 즉시 출발 가정; 실제 배차·요금·예약 가능 여부 미검증
2026-10-15,서울역,49036,풀에버정문,10,10,15,04:55,05:30,584.0,09:44,conditional_reserved_taxi,지도 지점 예약 차량 즉시 출발 가정; 실제 배차·요금·예약 가능 여부 미검증
2026-10-15,서울역,49008,LH10단지,15,5,10,05:00,05:30,584.0,09:44,conditional_reserved_taxi,지도 지점 예약 차량 즉시 출발 가정; 실제 배차·요금·예약 가능 여부 미검증
2026-10-15,서울역,49036,풀에버정문,15,5,10,05:00,05:30,584.0,09:44,conditional_reserved_taxi,지도 지점 예약 차량 즉시 출발 가정; 실제 배차·요금·예약 가능 여부 미검증
2026-10-15,서울역,49008,LH10단지,15,5,15,04:55,05:30,584.0,09:44,conditional_reserved_taxi,지도 지점 예약 차량 즉시 출발 가정; 실제 배차·요금·예약 가능 여부 미검증
2026-10-15,서울역,49036,풀에버정문,15,5,15,04:55,05:30,584.0,09:44,conditional_reserved_taxi,지도 지점 예약 차량 즉시 출발 가정; 실제 배차·요금·예약 가능 여부 미검증
2026-10-15,서울역,49008,LH10단지,15,10,10,04:55,05:30,584.0,09:44,conditional_reserved_taxi,지도 지점 예약 차량 즉시 출발 가정; 실제 배차·요금·예약 가능 여부 미검증
2026-10-15,서울역,49036,풀에버정문,15,10,10,04:55,05:30,584.0,09:44,conditional_reserved_taxi,지도 지점 예약 차량 즉시 출발 가정; 실제 배차·요금·예약 가능 여부 미검증
2026-10-15,서울역,49008,LH10단지,15,10,15,04:50,05:30,584.0,09:44,conditional_reserved_taxi,지도 지점 예약 차량 즉시 출발 가정; 실제 배차·요금·예약 가능 여부 미검증
2026-10-15,서울역,49036,풀에버정문,15,10,15,04:50,05:30,584.0,09:44,conditional_reserved_taxi,지도 지점 예약 차량 즉시 출발 가정; 실제 배차·요금·예약 가능 여부 미검증
2026-10-15,사당,49008,LH10단지,5,5,10,05:10,05:30,573.0,09:33,conditional_reserved_taxi,지도 지점 예약 차량 즉시 출발 가정; 실제 배차·요금·예약 가능 여부 미검증
2026-10-15,사당,49036,풀에버정문,5,5,10,05:10,05:30,573.0,09:33,conditional_reserved_taxi,지도 지점 예약 차량 즉시 출발 가정; 실제 배차·요금·예약 가능 여부 미검증
2026-10-15,사당,49008,LH10단지,5,5,15,05:05,05:30,573.0,09:33,conditional_reserved_taxi,지도 지점 예약 차량 즉시 출발 가정; 실제 배차·요금·예약 가능 여부 미검증
2026-10-15,사당,49036,풀에버정문,5,5,15,05:05,05:30,573.0,09:33,conditional_reserved_taxi,지도 지점 예약 차량 즉시 출발 가정; 실제 배차·요금·예약 가능 여부 미검증
2026-10-15,사당,49008,LH10단지,5,10,10,05:05,05:30,573.0,09:33,conditional_reserved_taxi,지도 지점 예약 차량 즉시 출발 가정; 실제 배차·요금·예약 가능 여부 미검증
2026-10-15,사당,49036,풀에버정문,5,10,10,05:05,05:30,573.0,09:33,conditional_reserved_taxi,지도 지점 예약 차량 즉시 출발 가정; 실제 배차·요금·예약 가능 여부 미검증
2026-10-15,사당,49008,LH10단지,5,10,15,05:00,05:30,573.0,09:33,conditional_reserved_taxi,지도 지점 예약 차량 즉시 출발 가정; 실제 배차·요금·예약 가능 여부 미검증
2026-10-15,사당,49036,풀에버정문,5,10,15,05:00,05:30,573.0,09:33,conditional_reserved_taxi,지도 지점 예약 차량 즉시 출발 가정; 실제 배차·요금·예약 가능 여부 미검증
2026-10-15,사당,49008,LH10단지,10,5,10,05:05,05:30,573.0,09:33,conditional_reserved_taxi,지도 지점 예약 차량 즉시 출발 가정; 실제 배차·요금·예약 가능 여부 미검증
2026-10-15,사당,49036,풀에버정문,10,5,10,05:05,05:30,573.0,09:33,conditional_reserved_taxi,지도 지점 예약 차량 즉시 출발 가정; 실제 배차·요금·예약 가능 여부 미검증
2026-10-15,사당,49008,LH10단지,10,5,15,05:00,05:30,573.0,09:33,conditional_reserved_taxi,지도 지점 예약 차량 즉시 출발 가정; 실제 배차·요금·예약 가능 여부 미검증
2026-10-15,사당,49036,풀에버정문,10,5,15,05:00,05:30,573.0,09:33,conditional_reserved_taxi,지도 지점 예약 차량 즉시 출발 가정; 실제 배차·요금·예약 가능 여부 미검증
2026-10-15,사당,49008,LH10단지,10,10,10,05:00,05:30,573.0,09:33,conditional_reserved_taxi,지도 지점 예약 차량 즉시 출발 가정; 실제 배차·요금·예약 가능 여부 미검증
2026-10-15,사당,49036,풀에버정문,10,10,10,05:00,05:30,573.0,09:33,conditional_reserved_taxi,지도 지점 예약 차량 즉시 출발 가정; 실제 배차·요금·예약 가능 여부 미검증
2026-10-15,사당,49008,LH10단지,10,10,15,04:55,05:30,573.0,09:33,conditional_reserved_taxi,지도 지점 예약 차량 즉시 출발 가정; 실제 배차·요금·예약 가능 여부 미검증
2026-10-15,사당,49036,풀에버정문,10,10,15,04:55,05:30,573.0,09:33,conditional_reserved_taxi,지도 지점 예약 차량 즉시 출발 가정; 실제 배차·요금·예약 가능 여부 미검증
2026-10-15,사당,49008,LH10단지,15,5,10,05:00,05:30,573.0,09:33,conditional_reserved_taxi,지도 지점 예약 차량 즉시 출발 가정; 실제 배차·요금·예약 가능 여부 미검증
2026-10-15,사당,49036,풀에버정문,15,5,10,05:00,05:30,573.0,09:33,conditional_reserved_taxi,지도 지점 예약 차량 즉시 출발 가정; 실제 배차·요금·예약 가능 여부 미검증
2026-10-15,사당,49008,LH10단지,15,5,15,04:55,05:30,573.0,09:33,conditional_reserved_taxi,지도 지점 예약 차량 즉시 출발 가정; 실제 배차·요금·예약 가능 여부 미검증
2026-10-15,사당,49036,풀에버정문,15,5,15,04:55,05:30,573.0,09:33,conditional_reserved_taxi,지도 지점 예약 차량 즉시 출발 가정; 실제 배차·요금·예약 가능 여부 미검증
2026-10-15,사당,49008,LH10단지,15,10,10,04:55,05:30,573.0,09:33,conditional_reserved_taxi,지도 지점 예약 차량 즉시 출발 가정; 실제 배차·요금·예약 가능 여부 미검증
2026-10-15,사당,49036,풀에버정문,15,10,10,04:55,05:30,573.0,09:33,conditional_reserved_taxi,지도 지점 예약 차량 즉시 출발 가정; 실제 배차·요금·예약 가능 여부 미검증
2026-10-15,사당,49008,LH10단지,15,10,15,04:50,05:30,573.0,09:33,conditional_reserved_taxi,지도 지점 예약 차량 즉시 출발 가정; 실제 배차·요금·예약 가능 여부 미검증
2026-10-15,사당,49036,풀에버정문,15,10,15,04:50,05:30,573.0,09:33,conditional_reserved_taxi,지도 지점 예약 차량 즉시 출발 가정; 실제 배차·요금·예약 가능 여부 미검증
2026-10-17,강남,49008,LH10단지,5,5,10,05:20,05:40,576.5,09:37,conditional_reserved_taxi,지도 지점 예약 차량 즉시 출발 가정; 실제 배차·요금·예약 가능 여부 미검증
2026-10-17,강남,49036,풀에버정문,5,5,10,05:20,05:40,576.5,09:37,conditional_reserved_taxi,지도 지점 예약 차량 즉시 출발 가정; 실제 배차·요금·예약 가능 여부 미검증
2026-10-17,강남,49008,LH10단지,5,5,15,05:15,05:40,576.5,09:37,conditional_reserved_taxi,지도 지점 예약 차량 즉시 출발 가정; 실제 배차·요금·예약 가능 여부 미검증
2026-10-17,강남,49036,풀에버정문,5,5,15,05:15,05:40,576.5,09:37,conditional_reserved_taxi,지도 지점 예약 차량 즉시 출발 가정; 실제 배차·요금·예약 가능 여부 미검증
2026-10-17,강남,49008,LH10단지,5,10,10,05:15,05:40,576.5,09:37,conditional_reserved_taxi,지도 지점 예약 차량 즉시 출발 가정; 실제 배차·요금·예약 가능 여부 미검증
2026-10-17,강남,49036,풀에버정문,5,10,10,05:15,05:40,576.5,09:37,conditional_reserved_taxi,지도 지점 예약 차량 즉시 출발 가정; 실제 배차·요금·예약 가능 여부 미검증
2026-10-17,강남,49008,LH10단지,5,10,15,05:10,05:40,576.5,09:37,conditional_reserved_taxi,지도 지점 예약 차량 즉시 출발 가정; 실제 배차·요금·예약 가능 여부 미검증
2026-10-17,강남,49036,풀에버정문,5,10,15,05:10,05:40,576.5,09:37,conditional_reserved_taxi,지도 지점 예약 차량 즉시 출발 가정; 실제 배차·요금·예약 가능 여부 미검증
2026-10-17,강남,49008,LH10단지,10,5,10,05:15,05:40,576.5,09:37,conditional_reserved_taxi,지도 지점 예약 차량 즉시 출발 가정; 실제 배차·요금·예약 가능 여부 미검증
2026-10-17,강남,49036,풀에버정문,10,5,10,05:15,05:40,576.5,09:37,conditional_reserved_taxi,지도 지점 예약 차량 즉시 출발 가정; 실제 배차·요금·예약 가능 여부 미검증
2026-10-17,강남,49008,LH10단지,10,5,15,05:10,05:40,576.5,09:37,conditional_reserved_taxi,지도 지점 예약 차량 즉시 출발 가정; 실제 배차·요금·예약 가능 여부 미검증
2026-10-17,강남,49036,풀에버정문,10,5,15,05:10,05:40,576.5,09:37,conditional_reserved_taxi,지도 지점 예약 차량 즉시 출발 가정; 실제 배차·요금·예약 가능 여부 미검증
2026-10-17,강남,49008,LH10단지,10,10,10,05:10,05:40,576.5,09:37,conditional_reserved_taxi,지도 지점 예약 차량 즉시 출발 가정; 실제 배차·요금·예약 가능 여부 미검증
2026-10-17,강남,49036,풀에버정문,10,10,10,05:10,05:40,576.5,09:37,conditional_reserved_taxi,지도 지점 예약 차량 즉시 출발 가정; 실제 배차·요금·예약 가능 여부 미검증
2026-10-17,강남,49008,LH10단지,10,10,15,05:05,05:40,576.5,09:37,conditional_reserved_taxi,지도 지점 예약 차량 즉시 출발 가정; 실제 배차·요금·예약 가능 여부 미검증
2026-10-17,강남,49036,풀에버정문,10,10,15,05:05,05:40,576.5,09:37,conditional_reserved_taxi,지도 지점 예약 차량 즉시 출발 가정; 실제 배차·요금·예약 가능 여부 미검증
2026-10-17,강남,49008,LH10단지,15,5,10,05:10,05:40,576.5,09:37,conditional_reserved_taxi,지도 지점 예약 차량 즉시 출발 가정; 실제 배차·요금·예약 가능 여부 미검증
2026-10-17,강남,49036,풀에버정문,15,5,10,05:10,05:40,576.5,09:37,conditional_reserved_taxi,지도 지점 예약 차량 즉시 출발 가정; 실제 배차·요금·예약 가능 여부 미검증
2026-10-17,강남,49008,LH10단지,15,5,15,05:05,05:40,576.5,09:37,conditional_reserved_taxi,지도 지점 예약 차량 즉시 출발 가정; 실제 배차·요금·예약 가능 여부 미검증
2026-10-17,강남,49036,풀에버정문,15,5,15,05:05,05:40,576.5,09:37,conditional_reserved_taxi,지도 지점 예약 차량 즉시 출발 가정; 실제 배차·요금·예약 가능 여부 미검증
2026-10-17,강남,49008,LH10단지,15,10,10,05:05,05:40,576.5,09:37,conditional_reserved_taxi,지도 지점 예약 차량 즉시 출발 가정; 실제 배차·요금·예약 가능 여부 미검증
2026-10-17,강남,49036,풀에버정문,15,10,10,05:05,05:40,576.5,09:37,conditional_reserved_taxi,지도 지점 예약 차량 즉시 출발 가정; 실제 배차·요금·예약 가능 여부 미검증
2026-10-17,강남,49008,LH10단지,15,10,15,05:00,05:40,576.5,09:37,conditional_reserved_taxi,지도 지점 예약 차량 즉시 출발 가정; 실제 배차·요금·예약 가능 여부 미검증
2026-10-17,강남,49036,풀에버정문,15,10,15,05:00,05:40,576.5,09:37,conditional_reserved_taxi,지도 지점 예약 차량 즉시 출발 가정; 실제 배차·요금·예약 가능 여부 미검증
2026-10-17,서울역,49008,LH10단지,5,5,10,05:20,05:40,597.5,09:58,conditional_reserved_taxi,지도 지점 예약 차량 즉시 출발 가정; 실제 배차·요금·예약 가능 여부 미검증
2026-10-17,서울역,49036,풀에버정문,5,5,10,05:20,05:40,597.5,09:58,conditional_reserved_taxi,지도 지점 예약 차량 즉시 출발 가정; 실제 배차·요금·예약 가능 여부 미검증
2026-10-17,서울역,49008,LH10단지,5,5,15,05:15,05:40,597.5,09:58,conditional_reserved_taxi,지도 지점 예약 차량 즉시 출발 가정; 실제 배차·요금·예약 가능 여부 미검증
2026-10-17,서울역,49036,풀에버정문,5,5,15,05:15,05:40,597.5,09:58,conditional_reserved_taxi,지도 지점 예약 차량 즉시 출발 가정; 실제 배차·요금·예약 가능 여부 미검증
2026-10-17,서울역,49008,LH10단지,5,10,10,05:15,05:40,597.5,09:58,conditional_reserved_taxi,지도 지점 예약 차량 즉시 출발 가정; 실제 배차·요금·예약 가능 여부 미검증
2026-10-17,서울역,49036,풀에버정문,5,10,10,05:15,05:40,597.5,09:58,conditional_reserved_taxi,지도 지점 예약 차량 즉시 출발 가정; 실제 배차·요금·예약 가능 여부 미검증
2026-10-17,서울역,49008,LH10단지,5,10,15,05:10,05:40,597.5,09:58,conditional_reserved_taxi,지도 지점 예약 차량 즉시 출발 가정; 실제 배차·요금·예약 가능 여부 미검증
2026-10-17,서울역,49036,풀에버정문,5,10,15,05:10,05:40,597.5,09:58,conditional_reserved_taxi,지도 지점 예약 차량 즉시 출발 가정; 실제 배차·요금·예약 가능 여부 미검증
2026-10-17,서울역,49008,LH10단지,10,5,10,05:15,05:40,597.5,09:58,conditional_reserved_taxi,지도 지점 예약 차량 즉시 출발 가정; 실제 배차·요금·예약 가능 여부 미검증
2026-10-17,서울역,49036,풀에버정문,10,5,10,05:15,05:40,597.5,09:58,conditional_reserved_taxi,지도 지점 예약 차량 즉시 출발 가정; 실제 배차·요금·예약 가능 여부 미검증
2026-10-17,서울역,49008,LH10단지,10,5,15,05:10,05:40,597.5,09:58,conditional_reserved_taxi,지도 지점 예약 차량 즉시 출발 가정; 실제 배차·요금·예약 가능 여부 미검증
2026-10-17,서울역,49036,풀에버정문,10,5,15,05:10,05:40,597.5,09:58,conditional_reserved_taxi,지도 지점 예약 차량 즉시 출발 가정; 실제 배차·요금·예약 가능 여부 미검증
2026-10-17,서울역,49008,LH10단지,10,10,10,05:10,05:40,597.5,09:58,conditional_reserved_taxi,지도 지점 예약 차량 즉시 출발 가정; 실제 배차·요금·예약 가능 여부 미검증
2026-10-17,서울역,49036,풀에버정문,10,10,10,05:10,05:40,597.5,09:58,conditional_reserved_taxi,지도 지점 예약 차량 즉시 출발 가정; 실제 배차·요금·예약 가능 여부 미검증
2026-10-17,서울역,49008,LH10단지,10,10,15,05:05,05:40,597.5,09:58,conditional_reserved_taxi,지도 지점 예약 차량 즉시 출발 가정; 실제 배차·요금·예약 가능 여부 미검증
2026-10-17,서울역,49036,풀에버정문,10,10,15,05:05,05:40,597.5,09:58,conditional_reserved_taxi,지도 지점 예약 차량 즉시 출발 가정; 실제 배차·요금·예약 가능 여부 미검증
2026-10-17,서울역,49008,LH10단지,15,5,10,05:10,05:40,597.5,09:58,conditional_reserved_taxi,지도 지점 예약 차량 즉시 출발 가정; 실제 배차·요금·예약 가능 여부 미검증
2026-10-17,서울역,49036,풀에버정문,15,5,10,05:10,05:40,597.5,09:58,conditional_reserved_taxi,지도 지점 예약 차량 즉시 출발 가정; 실제 배차·요금·예약 가능 여부 미검증
2026-10-17,서울역,49008,LH10단지,15,5,15,05:05,05:40,597.5,09:58,conditional_reserved_taxi,지도 지점 예약 차량 즉시 출발 가정; 실제 배차·요금·예약 가능 여부 미검증
2026-10-17,서울역,49036,풀에버정문,15,5,15,05:05,05:40,597.5,09:58,conditional_reserved_taxi,지도 지점 예약 차량 즉시 출발 가정; 실제 배차·요금·예약 가능 여부 미검증
2026-10-17,서울역,49008,LH10단지,15,10,10,05:05,05:40,597.5,09:58,conditional_reserved_taxi,지도 지점 예약 차량 즉시 출발 가정; 실제 배차·요금·예약 가능 여부 미검증
2026-10-17,서울역,49036,풀에버정문,15,10,10,05:05,05:40,597.5,09:58,conditional_reserved_taxi,지도 지점 예약 차량 즉시 출발 가정; 실제 배차·요금·예약 가능 여부 미검증
2026-10-17,서울역,49008,LH10단지,15,10,15,05:00,05:40,597.5,09:58,conditional_reserved_taxi,지도 지점 예약 차량 즉시 출발 가정; 실제 배차·요금·예약 가능 여부 미검증
2026-10-17,서울역,49036,풀에버정문,15,10,15,05:00,05:40,597.5,09:58,conditional_reserved_taxi,지도 지점 예약 차량 즉시 출발 가정; 실제 배차·요금·예약 가능 여부 미검증
2026-10-17,사당,49008,LH10단지,5,5,10,05:20,05:40,584.0,09:44,conditional_reserved_taxi,지도 지점 예약 차량 즉시 출발 가정; 실제 배차·요금·예약 가능 여부 미검증
2026-10-17,사당,49036,풀에버정문,5,5,10,05:20,05:40,584.0,09:44,conditional_reserved_taxi,지도 지점 예약 차량 즉시 출발 가정; 실제 배차·요금·예약 가능 여부 미검증
2026-10-17,사당,49008,LH10단지,5,5,15,05:15,05:40,584.0,09:44,conditional_reserved_taxi,지도 지점 예약 차량 즉시 출발 가정; 실제 배차·요금·예약 가능 여부 미검증
2026-10-17,사당,49036,풀에버정문,5,5,15,05:15,05:40,584.0,09:44,conditional_reserved_taxi,지도 지점 예약 차량 즉시 출발 가정; 실제 배차·요금·예약 가능 여부 미검증
2026-10-17,사당,49008,LH10단지,5,10,10,05:15,05:40,584.0,09:44,conditional_reserved_taxi,지도 지점 예약 차량 즉시 출발 가정; 실제 배차·요금·예약 가능 여부 미검증
2026-10-17,사당,49036,풀에버정문,5,10,10,05:15,05:40,584.0,09:44,conditional_reserved_taxi,지도 지점 예약 차량 즉시 출발 가정; 실제 배차·요금·예약 가능 여부 미검증
2026-10-17,사당,49008,LH10단지,5,10,15,05:10,05:40,584.0,09:44,conditional_reserved_taxi,지도 지점 예약 차량 즉시 출발 가정; 실제 배차·요금·예약 가능 여부 미검증
2026-10-17,사당,49036,풀에버정문,5,10,15,05:10,05:40,584.0,09:44,conditional_reserved_taxi,지도 지점 예약 차량 즉시 출발 가정; 실제 배차·요금·예약 가능 여부 미검증
2026-10-17,사당,49008,LH10단지,10,5,10,05:15,05:40,584.0,09:44,conditional_reserved_taxi,지도 지점 예약 차량 즉시 출발 가정; 실제 배차·요금·예약 가능 여부 미검증
2026-10-17,사당,49036,풀에버정문,10,5,10,05:15,05:40,584.0,09:44,conditional_reserved_taxi,지도 지점 예약 차량 즉시 출발 가정; 실제 배차·요금·예약 가능 여부 미검증
2026-10-17,사당,49008,LH10단지,10,5,15,05:10,05:40,584.0,09:44,conditional_reserved_taxi,지도 지점 예약 차량 즉시 출발 가정; 실제 배차·요금·예약 가능 여부 미검증
2026-10-17,사당,49036,풀에버정문,10,5,15,05:10,05:40,584.0,09:44,conditional_reserved_taxi,지도 지점 예약 차량 즉시 출발 가정; 실제 배차·요금·예약 가능 여부 미검증
2026-10-17,사당,49008,LH10단지,10,10,10,05:10,05:40,584.0,09:44,conditional_reserved_taxi,지도 지점 예약 차량 즉시 출발 가정; 실제 배차·요금·예약 가능 여부 미검증
2026-10-17,사당,49036,풀에버정문,10,10,10,05:10,05:40,584.0,09:44,conditional_reserved_taxi,지도 지점 예약 차량 즉시 출발 가정; 실제 배차·요금·예약 가능 여부 미검증
2026-10-17,사당,49008,LH10단지,10,10,15,05:05,05:40,584.0,09:44,conditional_reserved_taxi,지도 지점 예약 차량 즉시 출발 가정; 실제 배차·요금·예약 가능 여부 미검증
2026-10-17,사당,49036,풀에버정문,10,10,15,05:05,05:40,584.0,09:44,conditional_reserved_taxi,지도 지점 예약 차량 즉시 출발 가정; 실제 배차·요금·예약 가능 여부 미검증
2026-10-17,사당,49008,LH10단지,15,5,10,05:10,05:40,584.0,09:44,conditional_reserved_taxi,지도 지점 예약 차량 즉시 출발 가정; 실제 배차·요금·예약 가능 여부 미검증
2026-10-17,사당,49036,풀에버정문,15,5,10,05:10,05:40,584.0,09:44,conditional_reserved_taxi,지도 지점 예약 차량 즉시 출발 가정; 실제 배차·요금·예약 가능 여부 미검증
2026-10-17,사당,49008,LH10단지,15,5,15,05:05,05:40,584.0,09:44,conditional_reserved_taxi,지도 지점 예약 차량 즉시 출발 가정; 실제 배차·요금·예약 가능 여부 미검증
2026-10-17,사당,49036,풀에버정문,15,5,15,05:05,05:40,584.0,09:44,conditional_reserved_taxi,지도 지점 예약 차량 즉시 출발 가정; 실제 배차·요금·예약 가능 여부 미검증
2026-10-17,사당,49008,LH10단지,15,10,10,05:05,05:40,584.0,09:44,conditional_reserved_taxi,지도 지점 예약 차량 즉시 출발 가정; 실제 배차·요금·예약 가능 여부 미검증
2026-10-17,사당,49036,풀에버정문,15,10,10,05:05,05:40,584.0,09:44,conditional_reserved_taxi,지도 지점 예약 차량 즉시 출발 가정; 실제 배차·요금·예약 가능 여부 미검증
2026-10-17,사당,49008,LH10단지,15,10,15,05:00,05:40,584.0,09:44,conditional_reserved_taxi,지도 지점 예약 차량 즉시 출발 가정; 실제 배차·요금·예약 가능 여부 미검증
2026-10-17,사당,49036,풀에버정문,15,10,15,05:00,05:40,584.0,09:44,conditional_reserved_taxi,지도 지점 예약 차량 즉시 출발 가정; 실제 배차·요금·예약 가능 여부 미검증
2026-10-18,강남,49008,LH10단지,5,5,10,04:50,05:10,544.5,09:05,conditional_reserved_taxi,지도 지점 예약 차량 즉시 출발 가정; 실제 배차·요금·예약 가능 여부 미검증
2026-10-18,강남,49036,풀에버정문,5,5,10,04:50,05:10,544.5,09:05,conditional_reserved_taxi,지도 지점 예약 차량 즉시 출발 가정; 실제 배차·요금·예약 가능 여부 미검증
2026-10-18,강남,49008,LH10단지,5,5,15,04:45,05:10,544.5,09:05,conditional_reserved_taxi,지도 지점 예약 차량 즉시 출발 가정; 실제 배차·요금·예약 가능 여부 미검증
2026-10-18,강남,49036,풀에버정문,5,5,15,04:45,05:10,544.5,09:05,conditional_reserved_taxi,지도 지점 예약 차량 즉시 출발 가정; 실제 배차·요금·예약 가능 여부 미검증
2026-10-18,강남,49008,LH10단지,5,10,10,04:45,05:10,544.5,09:05,conditional_reserved_taxi,지도 지점 예약 차량 즉시 출발 가정; 실제 배차·요금·예약 가능 여부 미검증
2026-10-18,강남,49036,풀에버정문,5,10,10,04:45,05:10,544.5,09:05,conditional_reserved_taxi,지도 지점 예약 차량 즉시 출발 가정; 실제 배차·요금·예약 가능 여부 미검증
2026-10-18,강남,49008,LH10단지,5,10,15,04:40,05:10,544.5,09:05,conditional_reserved_taxi,지도 지점 예약 차량 즉시 출발 가정; 실제 배차·요금·예약 가능 여부 미검증
2026-10-18,강남,49036,풀에버정문,5,10,15,04:40,05:10,544.5,09:05,conditional_reserved_taxi,지도 지점 예약 차량 즉시 출발 가정; 실제 배차·요금·예약 가능 여부 미검증
2026-10-18,강남,49008,LH10단지,10,5,10,04:45,05:10,544.5,09:05,conditional_reserved_taxi,지도 지점 예약 차량 즉시 출발 가정; 실제 배차·요금·예약 가능 여부 미검증
2026-10-18,강남,49036,풀에버정문,10,5,10,04:45,05:10,544.5,09:05,conditional_reserved_taxi,지도 지점 예약 차량 즉시 출발 가정; 실제 배차·요금·예약 가능 여부 미검증
2026-10-18,강남,49008,LH10단지,10,5,15,04:40,05:10,544.5,09:05,conditional_reserved_taxi,지도 지점 예약 차량 즉시 출발 가정; 실제 배차·요금·예약 가능 여부 미검증
2026-10-18,강남,49036,풀에버정문,10,5,15,04:40,05:10,544.5,09:05,conditional_reserved_taxi,지도 지점 예약 차량 즉시 출발 가정; 실제 배차·요금·예약 가능 여부 미검증
2026-10-18,강남,49008,LH10단지,10,10,10,04:40,05:10,544.5,09:05,conditional_reserved_taxi,지도 지점 예약 차량 즉시 출발 가정; 실제 배차·요금·예약 가능 여부 미검증
2026-10-18,강남,49036,풀에버정문,10,10,10,04:40,05:10,544.5,09:05,conditional_reserved_taxi,지도 지점 예약 차량 즉시 출발 가정; 실제 배차·요금·예약 가능 여부 미검증
2026-10-18,강남,49008,LH10단지,10,10,15,04:35,05:10,544.5,09:05,conditional_reserved_taxi,지도 지점 예약 차량 즉시 출발 가정; 실제 배차·요금·예약 가능 여부 미검증
2026-10-18,강남,49036,풀에버정문,10,10,15,04:35,05:10,544.5,09:05,conditional_reserved_taxi,지도 지점 예약 차량 즉시 출발 가정; 실제 배차·요금·예약 가능 여부 미검증
2026-10-18,강남,49008,LH10단지,15,5,10,04:40,05:10,544.5,09:05,conditional_reserved_taxi,지도 지점 예약 차량 즉시 출발 가정; 실제 배차·요금·예약 가능 여부 미검증
2026-10-18,강남,49036,풀에버정문,15,5,10,04:40,05:10,544.5,09:05,conditional_reserved_taxi,지도 지점 예약 차량 즉시 출발 가정; 실제 배차·요금·예약 가능 여부 미검증
2026-10-18,강남,49008,LH10단지,15,5,15,04:35,05:10,544.5,09:05,conditional_reserved_taxi,지도 지점 예약 차량 즉시 출발 가정; 실제 배차·요금·예약 가능 여부 미검증
2026-10-18,강남,49036,풀에버정문,15,5,15,04:35,05:10,544.5,09:05,conditional_reserved_taxi,지도 지점 예약 차량 즉시 출발 가정; 실제 배차·요금·예약 가능 여부 미검증
2026-10-18,강남,49008,LH10단지,15,10,10,04:35,05:10,544.5,09:05,conditional_reserved_taxi,지도 지점 예약 차량 즉시 출발 가정; 실제 배차·요금·예약 가능 여부 미검증
2026-10-18,강남,49036,풀에버정문,15,10,10,04:35,05:10,544.5,09:05,conditional_reserved_taxi,지도 지점 예약 차량 즉시 출발 가정; 실제 배차·요금·예약 가능 여부 미검증
2026-10-18,강남,49008,LH10단지,15,10,15,04:30,05:10,544.5,09:05,conditional_reserved_taxi,지도 지점 예약 차량 즉시 출발 가정; 실제 배차·요금·예약 가능 여부 미검증
2026-10-18,강남,49036,풀에버정문,15,10,15,04:30,05:10,544.5,09:05,conditional_reserved_taxi,지도 지점 예약 차량 즉시 출발 가정; 실제 배차·요금·예약 가능 여부 미검증
2026-10-18,서울역,49008,LH10단지,5,5,10,04:50,05:10,567.5,09:28,conditional_reserved_taxi,지도 지점 예약 차량 즉시 출발 가정; 실제 배차·요금·예약 가능 여부 미검증
2026-10-18,서울역,49036,풀에버정문,5,5,10,04:50,05:10,567.5,09:28,conditional_reserved_taxi,지도 지점 예약 차량 즉시 출발 가정; 실제 배차·요금·예약 가능 여부 미검증
2026-10-18,서울역,49008,LH10단지,5,5,15,04:45,05:10,567.5,09:28,conditional_reserved_taxi,지도 지점 예약 차량 즉시 출발 가정; 실제 배차·요금·예약 가능 여부 미검증
2026-10-18,서울역,49036,풀에버정문,5,5,15,04:45,05:10,567.5,09:28,conditional_reserved_taxi,지도 지점 예약 차량 즉시 출발 가정; 실제 배차·요금·예약 가능 여부 미검증
2026-10-18,서울역,49008,LH10단지,5,10,10,04:45,05:10,567.5,09:28,conditional_reserved_taxi,지도 지점 예약 차량 즉시 출발 가정; 실제 배차·요금·예약 가능 여부 미검증
2026-10-18,서울역,49036,풀에버정문,5,10,10,04:45,05:10,567.5,09:28,conditional_reserved_taxi,지도 지점 예약 차량 즉시 출발 가정; 실제 배차·요금·예약 가능 여부 미검증
2026-10-18,서울역,49008,LH10단지,5,10,15,04:40,05:10,567.5,09:28,conditional_reserved_taxi,지도 지점 예약 차량 즉시 출발 가정; 실제 배차·요금·예약 가능 여부 미검증
2026-10-18,서울역,49036,풀에버정문,5,10,15,04:40,05:10,567.5,09:28,conditional_reserved_taxi,지도 지점 예약 차량 즉시 출발 가정; 실제 배차·요금·예약 가능 여부 미검증
2026-10-18,서울역,49008,LH10단지,10,5,10,04:45,05:10,567.5,09:28,conditional_reserved_taxi,지도 지점 예약 차량 즉시 출발 가정; 실제 배차·요금·예약 가능 여부 미검증
2026-10-18,서울역,49036,풀에버정문,10,5,10,04:45,05:10,567.5,09:28,conditional_reserved_taxi,지도 지점 예약 차량 즉시 출발 가정; 실제 배차·요금·예약 가능 여부 미검증
2026-10-18,서울역,49008,LH10단지,10,5,15,04:40,05:10,567.5,09:28,conditional_reserved_taxi,지도 지점 예약 차량 즉시 출발 가정; 실제 배차·요금·예약 가능 여부 미검증
2026-10-18,서울역,49036,풀에버정문,10,5,15,04:40,05:10,567.5,09:28,conditional_reserved_taxi,지도 지점 예약 차량 즉시 출발 가정; 실제 배차·요금·예약 가능 여부 미검증
2026-10-18,서울역,49008,LH10단지,10,10,10,04:40,05:10,567.5,09:28,conditional_reserved_taxi,지도 지점 예약 차량 즉시 출발 가정; 실제 배차·요금·예약 가능 여부 미검증
2026-10-18,서울역,49036,풀에버정문,10,10,10,04:40,05:10,567.5,09:28,conditional_reserved_taxi,지도 지점 예약 차량 즉시 출발 가정; 실제 배차·요금·예약 가능 여부 미검증
2026-10-18,서울역,49008,LH10단지,10,10,15,04:35,05:10,567.5,09:28,conditional_reserved_taxi,지도 지점 예약 차량 즉시 출발 가정; 실제 배차·요금·예약 가능 여부 미검증
2026-10-18,서울역,49036,풀에버정문,10,10,15,04:35,05:10,567.5,09:28,conditional_reserved_taxi,지도 지점 예약 차량 즉시 출발 가정; 실제 배차·요금·예약 가능 여부 미검증
2026-10-18,서울역,49008,LH10단지,15,5,10,04:40,05:10,567.5,09:28,conditional_reserved_taxi,지도 지점 예약 차량 즉시 출발 가정; 실제 배차·요금·예약 가능 여부 미검증
2026-10-18,서울역,49036,풀에버정문,15,5,10,04:40,05:10,567.5,09:28,conditional_reserved_taxi,지도 지점 예약 차량 즉시 출발 가정; 실제 배차·요금·예약 가능 여부 미검증
2026-10-18,서울역,49008,LH10단지,15,5,15,04:35,05:10,567.5,09:28,conditional_reserved_taxi,지도 지점 예약 차량 즉시 출발 가정; 실제 배차·요금·예약 가능 여부 미검증
2026-10-18,서울역,49036,풀에버정문,15,5,15,04:35,05:10,567.5,09:28,conditional_reserved_taxi,지도 지점 예약 차량 즉시 출발 가정; 실제 배차·요금·예약 가능 여부 미검증
2026-10-18,서울역,49008,LH10단지,15,10,10,04:35,05:10,567.5,09:28,conditional_reserved_taxi,지도 지점 예약 차량 즉시 출발 가정; 실제 배차·요금·예약 가능 여부 미검증
2026-10-18,서울역,49036,풀에버정문,15,10,10,04:35,05:10,567.5,09:28,conditional_reserved_taxi,지도 지점 예약 차량 즉시 출발 가정; 실제 배차·요금·예약 가능 여부 미검증
2026-10-18,서울역,49008,LH10단지,15,10,15,04:30,05:10,567.5,09:28,conditional_reserved_taxi,지도 지점 예약 차량 즉시 출발 가정; 실제 배차·요금·예약 가능 여부 미검증
2026-10-18,서울역,49036,풀에버정문,15,10,15,04:30,05:10,567.5,09:28,conditional_reserved_taxi,지도 지점 예약 차량 즉시 출발 가정; 실제 배차·요금·예약 가능 여부 미검증
2026-10-18,사당,49008,LH10단지,5,5,10,04:50,05:10,550.5,09:11,conditional_reserved_taxi,지도 지점 예약 차량 즉시 출발 가정; 실제 배차·요금·예약 가능 여부 미검증
2026-10-18,사당,49036,풀에버정문,5,5,10,04:50,05:10,550.5,09:11,conditional_reserved_taxi,지도 지점 예약 차량 즉시 출발 가정; 실제 배차·요금·예약 가능 여부 미검증
2026-10-18,사당,49008,LH10단지,5,5,15,04:45,05:10,550.5,09:11,conditional_reserved_taxi,지도 지점 예약 차량 즉시 출발 가정; 실제 배차·요금·예약 가능 여부 미검증
2026-10-18,사당,49036,풀에버정문,5,5,15,04:45,05:10,550.5,09:11,conditional_reserved_taxi,지도 지점 예약 차량 즉시 출발 가정; 실제 배차·요금·예약 가능 여부 미검증
2026-10-18,사당,49008,LH10단지,5,10,10,04:45,05:10,550.5,09:11,conditional_reserved_taxi,지도 지점 예약 차량 즉시 출발 가정; 실제 배차·요금·예약 가능 여부 미검증
2026-10-18,사당,49036,풀에버정문,5,10,10,04:45,05:10,550.5,09:11,conditional_reserved_taxi,지도 지점 예약 차량 즉시 출발 가정; 실제 배차·요금·예약 가능 여부 미검증
2026-10-18,사당,49008,LH10단지,5,10,15,04:40,05:10,550.5,09:11,conditional_reserved_taxi,지도 지점 예약 차량 즉시 출발 가정; 실제 배차·요금·예약 가능 여부 미검증
2026-10-18,사당,49036,풀에버정문,5,10,15,04:40,05:10,550.5,09:11,conditional_reserved_taxi,지도 지점 예약 차량 즉시 출발 가정; 실제 배차·요금·예약 가능 여부 미검증
2026-10-18,사당,49008,LH10단지,10,5,10,04:45,05:10,550.5,09:11,conditional_reserved_taxi,지도 지점 예약 차량 즉시 출발 가정; 실제 배차·요금·예약 가능 여부 미검증
2026-10-18,사당,49036,풀에버정문,10,5,10,04:45,05:10,550.5,09:11,conditional_reserved_taxi,지도 지점 예약 차량 즉시 출발 가정; 실제 배차·요금·예약 가능 여부 미검증
2026-10-18,사당,49008,LH10단지,10,5,15,04:40,05:10,550.5,09:11,conditional_reserved_taxi,지도 지점 예약 차량 즉시 출발 가정; 실제 배차·요금·예약 가능 여부 미검증
2026-10-18,사당,49036,풀에버정문,10,5,15,04:40,05:10,550.5,09:11,conditional_reserved_taxi,지도 지점 예약 차량 즉시 출발 가정; 실제 배차·요금·예약 가능 여부 미검증
2026-10-18,사당,49008,LH10단지,10,10,10,04:40,05:10,550.5,09:11,conditional_reserved_taxi,지도 지점 예약 차량 즉시 출발 가정; 실제 배차·요금·예약 가능 여부 미검증
2026-10-18,사당,49036,풀에버정문,10,10,10,04:40,05:10,550.5,09:11,conditional_reserved_taxi,지도 지점 예약 차량 즉시 출발 가정; 실제 배차·요금·예약 가능 여부 미검증
2026-10-18,사당,49008,LH10단지,10,10,15,04:35,05:10,550.5,09:11,conditional_reserved_taxi,지도 지점 예약 차량 즉시 출발 가정; 실제 배차·요금·예약 가능 여부 미검증
2026-10-18,사당,49036,풀에버정문,10,10,15,04:35,05:10,550.5,09:11,conditional_reserved_taxi,지도 지점 예약 차량 즉시 출발 가정; 실제 배차·요금·예약 가능 여부 미검증
2026-10-18,사당,49008,LH10단지,15,5,10,04:40,05:10,550.5,09:11,conditional_reserved_taxi,지도 지점 예약 차량 즉시 출발 가정; 실제 배차·요금·예약 가능 여부 미검증
2026-10-18,사당,49036,풀에버정문,15,5,10,04:40,05:10,550.5,09:11,conditional_reserved_taxi,지도 지점 예약 차량 즉시 출발 가정; 실제 배차·요금·예약 가능 여부 미검증
2026-10-18,사당,49008,LH10단지,15,5,15,04:35,05:10,550.5,09:11,conditional_reserved_taxi,지도 지점 예약 차량 즉시 출발 가정; 실제 배차·요금·예약 가능 여부 미검증
2026-10-18,사당,49036,풀에버정문,15,5,15,04:35,05:10,550.5,09:11,conditional_reserved_taxi,지도 지점 예약 차량 즉시 출발 가정; 실제 배차·요금·예약 가능 여부 미검증
2026-10-18,사당,49008,LH10단지,15,10,10,04:35,05:10,550.5,09:11,conditional_reserved_taxi,지도 지점 예약 차량 즉시 출발 가정; 실제 배차·요금·예약 가능 여부 미검증
2026-10-18,사당,49036,풀에버정문,15,10,10,04:35,05:10,550.5,09:11,conditional_reserved_taxi,지도 지점 예약 차량 즉시 출발 가정; 실제 배차·요금·예약 가능 여부 미검증
2026-10-18,사당,49008,LH10단지,15,10,15,04:30,05:10,550.5,09:11,conditional_reserved_taxi,지도 지점 예약 차량 즉시 출발 가정; 실제 배차·요금·예약 가능 여부 미검증
2026-10-18,사당,49036,풀에버정문,15,10,15,04:30,05:10,550.5,09:11,conditional_reserved_taxi,지도 지점 예약 차량 즉시 출발 가정; 실제 배차·요금·예약 가능 여부 미검증
