date,target,branch_mode,earliest_start,origin_id,origin,baseline,feeder,baseline_hhmm,feeder_hhmm,advance,baseline_hub,feeder_hub,baseline_service,feeder_service
2026-10-08,강남,strict,04:00,49008,LH10단지,660.0,567.0,11:00,09:27,93.0,innovation,innovation,우등,우등
2026-10-08,강남,strict,04:00,49036,풀에버정문,660.0,567.0,11:00,09:27,93.0,innovation,innovation,우등,우등
2026-10-08,강남,strict,04:30,49008,LH10단지,660.0,567.0,11:00,09:27,93.0,innovation,innovation,우등,우등
2026-10-08,강남,strict,04:30,49036,풀에버정문,660.0,567.0,11:00,09:27,93.0,innovation,innovation,우등,우등
2026-10-08,강남,strict,05:00,49008,LH10단지,660.0,660.0,11:00,11:00,0.0,innovation,innovation,우등,우등
2026-10-08,강남,strict,05:00,49036,풀에버정문,660.0,660.0,11:00,11:00,0.0,innovation,innovation,우등,우등
2026-10-08,강남,strict,05:30,49008,LH10단지,660.0,660.0,11:00,11:00,0.0,innovation,innovation,우등,우등
2026-10-08,강남,strict,05:30,49036,풀에버정문,660.0,660.0,11:00,11:00,0.0,innovation,innovation,우등,우등
2026-10-08,강남,strict,06:00,49008,LH10단지,660.0,660.0,11:00,11:00,0.0,innovation,innovation,우등,우등
2026-10-08,강남,strict,06:00,49036,풀에버정문,660.0,660.0,11:00,11:00,0.0,innovation,innovation,우등,우등
2026-10-08,강남,strict,06:30,49008,LH10단지,685.0,685.0,11:25,11:25,0.0,rail,rail,KTX-산천 00382,KTX-산천 00382
2026-10-08,강남,strict,06:30,49036,풀에버정문,685.0,685.0,11:25,11:25,0.0,rail,rail,KTX-산천 00382,KTX-산천 00382
2026-10-08,강남,matched,04:00,49008,LH10단지,660.0,567.0,11:00,09:27,93.0,innovation,innovation,우등,우등
2026-10-08,강남,matched,04:00,49036,풀에버정문,660.0,567.0,11:00,09:27,93.0,innovation,innovation,우등,우등
2026-10-08,강남,matched,04:30,49008,LH10단지,660.0,567.0,11:00,09:27,93.0,innovation,innovation,우등,우등
2026-10-08,강남,matched,04:30,49036,풀에버정문,660.0,567.0,11:00,09:27,93.0,innovation,innovation,우등,우등
2026-10-08,강남,matched,05:00,49008,LH10단지,660.0,660.0,11:00,11:00,0.0,innovation,innovation,우등,우등
2026-10-08,강남,matched,05:00,49036,풀에버정문,660.0,660.0,11:00,11:00,0.0,innovation,innovation,우등,우등
2026-10-08,강남,matched,05:30,49008,LH10단지,660.0,660.0,11:00,11:00,0.0,innovation,innovation,우등,우등
2026-10-08,강남,matched,05:30,49036,풀에버정문,660.0,660.0,11:00,11:00,0.0,innovation,innovation,우등,우등
2026-10-08,강남,matched,06:00,49008,LH10단지,660.0,660.0,11:00,11:00,0.0,innovation,innovation,우등,우등
2026-10-08,강남,matched,06:00,49036,풀에버정문,660.0,660.0,11:00,11:00,0.0,innovation,innovation,우등,우등
2026-10-08,강남,matched,06:30,49008,LH10단지,685.0,685.0,11:25,11:25,0.0,rail,rail,KTX-산천 00382,KTX-산천 00382
2026-10-08,강남,matched,06:30,49036,풀에버정문,685.0,685.0,11:25,11:25,0.0,rail,rail,KTX-산천 00382,KTX-산천 00382
2026-10-08,강남,optimistic,04:00,49008,LH10단지,660.0,567.0,11:00,09:27,93.0,innovation,innovation,우등,우등
2026-10-08,강남,optimistic,04:00,49036,풀에버정문,660.0,567.0,11:00,09:27,93.0,innovation,innovation,우등,우등
2026-10-08,강남,optimistic,04:30,49008,LH10단지,660.0,567.0,11:00,09:27,93.0,innovation,innovation,우등,우등
2026-10-08,강남,optimistic,04:30,49036,풀에버정문,660.0,567.0,11:00,09:27,93.0,innovation,innovation,우등,우등
2026-10-08,강남,optimistic,05:00,49008,LH10단지,660.0,660.0,11:00,11:00,0.0,innovation,innovation,우등,우등
2026-10-08,강남,optimistic,05:00,49036,풀에버정문,660.0,660.0,11:00,11:00,0.0,innovation,innovation,우등,우등
2026-10-08,강남,optimistic,05:30,49008,LH10단지,660.0,660.0,11:00,11:00,0.0,innovation,innovation,우등,우등
2026-10-08,강남,optimistic,05:30,49036,풀에버정문,660.0,660.0,11:00,11:00,0.0,innovation,innovation,우등,우등
2026-10-08,강남,optimistic,06:00,49008,LH10단지,660.0,660.0,11:00,11:00,0.0,innovation,innovation,우등,우등
2026-10-08,강남,optimistic,06:00,49036,풀에버정문,660.0,660.0,11:00,11:00,0.0,innovation,innovation,우등,우등
2026-10-08,강남,optimistic,06:30,49008,LH10단지,685.0,685.0,11:25,11:25,0.0,rail,rail,KTX-산천 00382,KTX-산천 00382
2026-10-08,강남,optimistic,06:30,49036,풀에버정문,685.0,685.0,11:25,11:25,0.0,rail,rail,KTX-산천 00382,KTX-산천 00382
2026-10-08,서울역,strict,04:00,49008,LH10단지,680.5,584.0,11:21,09:44,96.5,innovation,innovation,우등,우등
2026-10-08,서울역,strict,04:00,49036,풀에버정문,680.5,584.0,11:21,09:44,96.5,innovation,innovation,우등,우등
2026-10-08,서울역,strict,04:30,49008,LH10단지,680.5,584.0,11:21,09:44,96.5,innovation,innovation,우등,우등
2026-10-08,서울역,strict,04:30,49036,풀에버정문,680.5,584.0,11:21,09:44,96.5,innovation,innovation,우등,우등
2026-10-08,서울역,strict,05:00,49008,LH10단지,680.5,680.5,11:21,11:21,0.0,innovation,innovation,우등,우등
2026-10-08,서울역,strict,05:00,49036,풀에버정문,680.5,680.5,11:21,11:21,0.0,innovation,innovation,우등,우등
2026-10-08,서울역,strict,05:30,49008,LH10단지,680.5,680.5,11:21,11:21,0.0,innovation,innovation,우등,우등
2026-10-08,서울역,strict,05:30,49036,풀에버정문,680.5,680.5,11:21,11:21,0.0,innovation,innovation,우등,우등
2026-10-08,서울역,strict,06:00,49008,LH10단지,680.5,680.5,11:21,11:21,0.0,innovation,innovation,우등,우등
2026-10-08,서울역,strict,06:00,49036,풀에버정문,680.5,680.5,11:21,11:21,0.0,innovation,innovation,우등,우등
2026-10-08,서울역,strict,06:30,49008,LH10단지,708.5,708.5,11:49,11:49,0.0,rail,rail,KTX-산천 00382,KTX-산천 00382
2026-10-08,서울역,strict,06:30,49036,풀에버정문,708.5,708.5,11:49,11:49,0.0,rail,rail,KTX-산천 00382,KTX-산천 00382
2026-10-08,서울역,matched,04:00,49008,LH10단지,680.5,584.0,11:21,09:44,96.5,innovation,innovation,우등,우등
2026-10-08,서울역,matched,04:00,49036,풀에버정문,680.5,584.0,11:21,09:44,96.5,innovation,innovation,우등,우등
2026-10-08,서울역,matched,04:30,49008,LH10단지,680.5,584.0,11:21,09:44,96.5,innovation,innovation,우등,우등
2026-10-08,서울역,matched,04:30,49036,풀에버정문,680.5,584.0,11:21,09:44,96.5,innovation,innovation,우등,우등
2026-10-08,서울역,matched,05:00,49008,LH10단지,680.5,680.5,11:21,11:21,0.0,innovation,innovation,우등,우등
2026-10-08,서울역,matched,05:00,49036,풀에버정문,680.5,680.5,11:21,11:21,0.0,innovation,innovation,우등,우등
2026-10-08,서울역,matched,05:30,49008,LH10단지,680.5,680.5,11:21,11:21,0.0,innovation,innovation,우등,우등
2026-10-08,서울역,matched,05:30,49036,풀에버정문,680.5,680.5,11:21,11:21,0.0,innovation,innovation,우등,우등
2026-10-08,서울역,matched,06:00,49008,LH10단지,680.5,680.5,11:21,11:21,0.0,innovation,innovation,우등,우등
2026-10-08,서울역,matched,06:00,49036,풀에버정문,680.5,680.5,11:21,11:21,0.0,innovation,innovation,우등,우등
2026-10-08,서울역,matched,06:30,49008,LH10단지,708.5,708.5,11:49,11:49,0.0,rail,rail,KTX-산천 00382,KTX-산천 00382
2026-10-08,서울역,matched,06:30,49036,풀에버정문,708.5,708.5,11:49,11:49,0.0,rail,rail,KTX-산천 00382,KTX-산천 00382
2026-10-08,서울역,optimistic,04:00,49008,LH10단지,680.5,584.0,11:21,09:44,96.5,innovation,innovation,우등,우등
2026-10-08,서울역,optimistic,04:00,49036,풀에버정문,680.5,584.0,11:21,09:44,96.5,innovation,innovation,우등,우등
2026-10-08,서울역,optimistic,04:30,49008,LH10단지,680.5,584.0,11:21,09:44,96.5,innovation,innovation,우등,우등
2026-10-08,서울역,optimistic,04:30,49036,풀에버정문,680.5,584.0,11:21,09:44,96.5,innovation,innovation,우등,우등
2026-10-08,서울역,optimistic,05:00,49008,LH10단지,680.5,680.5,11:21,11:21,0.0,innovation,innovation,우등,우등
2026-10-08,서울역,optimistic,05:00,49036,풀에버정문,680.5,680.5,11:21,11:21,0.0,innovation,innovation,우등,우등
2026-10-08,서울역,optimistic,05:30,49008,LH10단지,680.5,680.5,11:21,11:21,0.0,innovation,innovation,우등,우등
2026-10-08,서울역,optimistic,05:30,49036,풀에버정문,680.5,680.5,11:21,11:21,0.0,innovation,innovation,우등,우등
2026-10-08,서울역,optimistic,06:00,49008,LH10단지,680.5,680.5,11:21,11:21,0.0,innovation,innovation,우등,우등
2026-10-08,서울역,optimistic,06:00,49036,풀에버정문,680.5,680.5,11:21,11:21,0.0,innovation,innovation,우등,우등
2026-10-08,서울역,optimistic,06:30,49008,LH10단지,708.5,708.5,11:49,11:49,0.0,rail,rail,KTX-산천 00382,KTX-산천 00382
2026-10-08,서울역,optimistic,06:30,49036,풀에버정문,708.5,708.5,11:49,11:49,0.0,rail,rail,KTX-산천 00382,KTX-산천 00382
2026-10-08,사당,strict,04:00,49008,LH10단지,664.0,573.0,11:04,09:33,91.0,innovation,innovation,우등,우등
2026-10-08,사당,strict,04:00,49036,풀에버정문,664.0,573.0,11:04,09:33,91.0,innovation,innovation,우등,우등
2026-10-08,사당,strict,04:30,49008,LH10단지,664.0,573.0,11:04,09:33,91.0,innovation,innovation,우등,우등
2026-10-08,사당,strict,04:30,49036,풀에버정문,664.0,573.0,11:04,09:33,91.0,innovation,innovation,우등,우등
2026-10-08,사당,strict,05:00,49008,LH10단지,664.0,664.0,11:04,11:04,0.0,innovation,innovation,우등,우등
2026-10-08,사당,strict,05:00,49036,풀에버정문,664.0,664.0,11:04,11:04,0.0,innovation,innovation,우등,우등
2026-10-08,사당,strict,05:30,49008,LH10단지,664.0,664.0,11:04,11:04,0.0,innovation,innovation,우등,우등
2026-10-08,사당,strict,05:30,49036,풀에버정문,664.0,664.0,11:04,11:04,0.0,innovation,innovation,우등,우등
2026-10-08,사당,strict,06:00,49008,LH10단지,664.0,664.0,11:04,11:04,0.0,innovation,innovation,우등,우등
2026-10-08,사당,strict,06:00,49036,풀에버정문,664.0,664.0,11:04,11:04,0.0,innovation,innovation,우등,우등
2026-10-08,사당,strict,06:30,49008,LH10단지,688.5,688.5,11:29,11:29,0.0,rail,rail,KTX-산천 00382,KTX-산천 00382
2026-10-08,사당,strict,06:30,49036,풀에버정문,688.5,688.5,11:29,11:29,0.0,rail,rail,KTX-산천 00382,KTX-산천 00382
2026-10-08,사당,matched,04:00,49008,LH10단지,664.0,573.0,11:04,09:33,91.0,innovation,innovation,우등,우등
2026-10-08,사당,matched,04:00,49036,풀에버정문,664.0,573.0,11:04,09:33,91.0,innovation,innovation,우등,우등
2026-10-08,사당,matched,04:30,49008,LH10단지,664.0,573.0,11:04,09:33,91.0,innovation,innovation,우등,우등
2026-10-08,사당,matched,04:30,49036,풀에버정문,664.0,573.0,11:04,09:33,91.0,innovation,innovation,우등,우등
2026-10-08,사당,matched,05:00,49008,LH10단지,664.0,664.0,11:04,11:04,0.0,innovation,innovation,우등,우등
2026-10-08,사당,matched,05:00,49036,풀에버정문,664.0,664.0,11:04,11:04,0.0,innovation,innovation,우등,우등
2026-10-08,사당,matched,05:30,49008,LH10단지,664.0,664.0,11:04,11:04,0.0,innovation,innovation,우등,우등
2026-10-08,사당,matched,05:30,49036,풀에버정문,664.0,664.0,11:04,11:04,0.0,innovation,innovation,우등,우등
2026-10-08,사당,matched,06:00,49008,LH10단지,664.0,664.0,11:04,11:04,0.0,innovation,innovation,우등,우등
2026-10-08,사당,matched,06:00,49036,풀에버정문,664.0,664.0,11:04,11:04,0.0,innovation,innovation,우등,우등
2026-10-08,사당,matched,06:30,49008,LH10단지,688.5,688.5,11:29,11:29,0.0,rail,rail,KTX-산천 00382,KTX-산천 00382
2026-10-08,사당,matched,06:30,49036,풀에버정문,688.5,688.5,11:29,11:29,0.0,rail,rail,KTX-산천 00382,KTX-산천 00382
2026-10-08,사당,optimistic,04:00,49008,LH10단지,664.0,573.0,11:04,09:33,91.0,innovation,innovation,우등,우등
2026-10-08,사당,optimistic,04:00,49036,풀에버정문,664.0,573.0,11:04,09:33,91.0,innovation,innovation,우등,우등
2026-10-08,사당,optimistic,04:30,49008,LH10단지,664.0,573.0,11:04,09:33,91.0,innovation,innovation,우등,우등
2026-10-08,사당,optimistic,04:30,49036,풀에버정문,664.0,573.0,11:04,09:33,91.0,innovation,innovation,우등,우등
2026-10-08,사당,optimistic,05:00,49008,LH10단지,664.0,664.0,11:04,11:04,0.0,innovation,innovation,우등,우등
2026-10-08,사당,optimistic,05:00,49036,풀에버정문,664.0,664.0,11:04,11:04,0.0,innovation,innovation,우등,우등
2026-10-08,사당,optimistic,05:30,49008,LH10단지,664.0,664.0,11:04,11:04,0.0,innovation,innovation,우등,우등
2026-10-08,사당,optimistic,05:30,49036,풀에버정문,664.0,664.0,11:04,11:04,0.0,innovation,innovation,우등,우등
2026-10-08,사당,optimistic,06:00,49008,LH10단지,664.0,664.0,11:04,11:04,0.0,innovation,innovation,우등,우등
2026-10-08,사당,optimistic,06:00,49036,풀에버정문,664.0,664.0,11:04,11:04,0.0,innovation,innovation,우등,우등
2026-10-08,사당,optimistic,06:30,49008,LH10단지,688.5,688.5,11:29,11:29,0.0,rail,rail,KTX-산천 00382,KTX-산천 00382
2026-10-08,사당,optimistic,06:30,49036,풀에버정문,688.5,688.5,11:29,11:29,0.0,rail,rail,KTX-산천 00382,KTX-산천 00382
2026-10-13,강남,strict,04:00,49008,LH10단지,660.0,567.0,11:00,09:27,93.0,innovation,innovation,KOBUS 공시,KOBUS 공시
2026-10-13,강남,strict,04:00,49036,풀에버정문,660.0,567.0,11:00,09:27,93.0,innovation,innovation,KOBUS 공시,KOBUS 공시
2026-10-13,강남,strict,04:30,49008,LH10단지,660.0,567.0,11:00,09:27,93.0,innovation,innovation,KOBUS 공시,KOBUS 공시
2026-10-13,강남,strict,04:30,49036,풀에버정문,660.0,567.0,11:00,09:27,93.0,innovation,innovation,KOBUS 공시,KOBUS 공시
2026-10-13,강남,strict,05:00,49008,LH10단지,660.0,660.0,11:00,11:00,0.0,innovation,innovation,KOBUS 공시,KOBUS 공시
2026-10-13,강남,strict,05:00,49036,풀에버정문,660.0,660.0,11:00,11:00,0.0,innovation,innovation,KOBUS 공시,KOBUS 공시
2026-10-13,강남,strict,05:30,49008,LH10단지,660.0,660.0,11:00,11:00,0.0,innovation,innovation,KOBUS 공시,KOBUS 공시
2026-10-13,강남,strict,05:30,49036,풀에버정문,660.0,660.0,11:00,11:00,0.0,innovation,innovation,KOBUS 공시,KOBUS 공시
2026-10-13,강남,strict,06:00,49008,LH10단지,660.0,660.0,11:00,11:00,0.0,innovation,innovation,KOBUS 공시,KOBUS 공시
2026-10-13,강남,strict,06:00,49036,풀에버정문,660.0,660.0,11:00,11:00,0.0,innovation,innovation,KOBUS 공시,KOBUS 공시
2026-10-13,강남,strict,06:30,49008,LH10단지,685.0,685.0,11:25,11:25,0.0,rail,rail,KTX-산천 382,KTX-산천 382
2026-10-13,강남,strict,06:30,49036,풀에버정문,685.0,685.0,11:25,11:25,0.0,rail,rail,KTX-산천 382,KTX-산천 382
2026-10-13,강남,matched,04:00,49008,LH10단지,660.0,567.0,11:00,09:27,93.0,innovation,innovation,KOBUS 공시,KOBUS 공시
2026-10-13,강남,matched,04:00,49036,풀에버정문,660.0,567.0,11:00,09:27,93.0,innovation,innovation,KOBUS 공시,KOBUS 공시
2026-10-13,강남,matched,04:30,49008,LH10단지,660.0,567.0,11:00,09:27,93.0,innovation,innovation,KOBUS 공시,KOBUS 공시
2026-10-13,강남,matched,04:30,49036,풀에버정문,660.0,567.0,11:00,09:27,93.0,innovation,innovation,KOBUS 공시,KOBUS 공시
2026-10-13,강남,matched,05:00,49008,LH10단지,660.0,660.0,11:00,11:00,0.0,innovation,innovation,KOBUS 공시,KOBUS 공시
2026-10-13,강남,matched,05:00,49036,풀에버정문,660.0,660.0,11:00,11:00,0.0,innovation,innovation,KOBUS 공시,KOBUS 공시
2026-10-13,강남,matched,05:30,49008,LH10단지,660.0,660.0,11:00,11:00,0.0,innovation,innovation,KOBUS 공시,KOBUS 공시
2026-10-13,강남,matched,05:30,49036,풀에버정문,660.0,660.0,11:00,11:00,0.0,innovation,innovation,KOBUS 공시,KOBUS 공시
2026-10-13,강남,matched,06:00,49008,LH10단지,660.0,660.0,11:00,11:00,0.0,innovation,innovation,KOBUS 공시,KOBUS 공시
2026-10-13,강남,matched,06:00,49036,풀에버정문,660.0,660.0,11:00,11:00,0.0,innovation,innovation,KOBUS 공시,KOBUS 공시
2026-10-13,강남,matched,06:30,49008,LH10단지,685.0,685.0,11:25,11:25,0.0,rail,rail,KTX-산천 382,KTX-산천 382
2026-10-13,강남,matched,06:30,49036,풀에버정문,685.0,685.0,11:25,11:25,0.0,rail,rail,KTX-산천 382,KTX-산천 382
2026-10-13,강남,optimistic,04:00,49008,LH10단지,660.0,567.0,11:00,09:27,93.0,innovation,innovation,KOBUS 공시,KOBUS 공시
2026-10-13,강남,optimistic,04:00,49036,풀에버정문,660.0,567.0,11:00,09:27,93.0,innovation,innovation,KOBUS 공시,KOBUS 공시
2026-10-13,강남,optimistic,04:30,49008,LH10단지,660.0,567.0,11:00,09:27,93.0,innovation,innovation,KOBUS 공시,KOBUS 공시
2026-10-13,강남,optimistic,04:30,49036,풀에버정문,660.0,567.0,11:00,09:27,93.0,innovation,innovation,KOBUS 공시,KOBUS 공시
2026-10-13,강남,optimistic,05:00,49008,LH10단지,660.0,660.0,11:00,11:00,0.0,innovation,innovation,KOBUS 공시,KOBUS 공시
2026-10-13,강남,optimistic,05:00,49036,풀에버정문,660.0,660.0,11:00,11:00,0.0,innovation,innovation,KOBUS 공시,KOBUS 공시
2026-10-13,강남,optimistic,05:30,49008,LH10단지,660.0,660.0,11:00,11:00,0.0,innovation,innovation,KOBUS 공시,KOBUS 공시
2026-10-13,강남,optimistic,05:30,49036,풀에버정문,660.0,660.0,11:00,11:00,0.0,innovation,innovation,KOBUS 공시,KOBUS 공시
2026-10-13,강남,optimistic,06:00,49008,LH10단지,660.0,660.0,11:00,11:00,0.0,innovation,innovation,KOBUS 공시,KOBUS 공시
2026-10-13,강남,optimistic,06:00,49036,풀에버정문,660.0,660.0,11:00,11:00,0.0,innovation,innovation,KOBUS 공시,KOBUS 공시
2026-10-13,강남,optimistic,06:30,49008,LH10단지,685.0,685.0,11:25,11:25,0.0,rail,rail,KTX-산천 382,KTX-산천 382
2026-10-13,강남,optimistic,06:30,49036,풀에버정문,685.0,685.0,11:25,11:25,0.0,rail,rail,KTX-산천 382,KTX-산천 382
2026-10-13,서울역,strict,04:00,49008,LH10단지,680.5,584.0,11:21,09:44,96.5,innovation,innovation,KOBUS 공시,KOBUS 공시
2026-10-13,서울역,strict,04:00,49036,풀에버정문,680.5,584.0,11:21,09:44,96.5,innovation,innovation,KOBUS 공시,KOBUS 공시
2026-10-13,서울역,strict,04:30,49008,LH10단지,680.5,584.0,11:21,09:44,96.5,innovation,innovation,KOBUS 공시,KOBUS 공시
2026-10-13,서울역,strict,04:30,49036,풀에버정문,680.5,584.0,11:21,09:44,96.5,innovation,innovation,KOBUS 공시,KOBUS 공시
2026-10-13,서울역,strict,05:00,49008,LH10단지,680.5,680.5,11:21,11:21,0.0,innovation,innovation,KOBUS 공시,KOBUS 공시
2026-10-13,서울역,strict,05:00,49036,풀에버정문,680.5,680.5,11:21,11:21,0.0,innovation,innovation,KOBUS 공시,KOBUS 공시
2026-10-13,서울역,strict,05:30,49008,LH10단지,680.5,680.5,11:21,11:21,0.0,innovation,innovation,KOBUS 공시,KOBUS 공시
2026-10-13,서울역,strict,05:30,49036,풀에버정문,680.5,680.5,11:21,11:21,0.0,innovation,innovation,KOBUS 공시,KOBUS 공시
2026-10-13,서울역,strict,06:00,49008,LH10단지,680.5,680.5,11:21,11:21,0.0,innovation,innovation,KOBUS 공시,KOBUS 공시
2026-10-13,서울역,strict,06:00,49036,풀에버정문,680.5,680.5,11:21,11:21,0.0,innovation,innovation,KOBUS 공시,KOBUS 공시
2026-10-13,서울역,strict,06:30,49008,LH10단지,708.5,708.5,11:49,11:49,0.0,rail,rail,KTX-산천 382,KTX-산천 382
2026-10-13,서울역,strict,06:30,49036,풀에버정문,708.5,708.5,11:49,11:49,0.0,rail,rail,KTX-산천 382,KTX-산천 382
2026-10-13,서울역,matched,04:00,49008,LH10단지,680.5,584.0,11:21,09:44,96.5,innovation,innovation,KOBUS 공시,KOBUS 공시
2026-10-13,서울역,matched,04:00,49036,풀에버정문,680.5,584.0,11:21,09:44,96.5,innovation,innovation,KOBUS 공시,KOBUS 공시
2026-10-13,서울역,matched,04:30,49008,LH10단지,680.5,584.0,11:21,09:44,96.5,innovation,innovation,KOBUS 공시,KOBUS 공시
2026-10-13,서울역,matched,04:30,49036,풀에버정문,680.5,584.0,11:21,09:44,96.5,innovation,innovation,KOBUS 공시,KOBUS 공시
2026-10-13,서울역,matched,05:00,49008,LH10단지,680.5,680.5,11:21,11:21,0.0,innovation,innovation,KOBUS 공시,KOBUS 공시
2026-10-13,서울역,matched,05:00,49036,풀에버정문,680.5,680.5,11:21,11:21,0.0,innovation,innovation,KOBUS 공시,KOBUS 공시
2026-10-13,서울역,matched,05:30,49008,LH10단지,680.5,680.5,11:21,11:21,0.0,innovation,innovation,KOBUS 공시,KOBUS 공시
2026-10-13,서울역,matched,05:30,49036,풀에버정문,680.5,680.5,11:21,11:21,0.0,innovation,innovation,KOBUS 공시,KOBUS 공시
2026-10-13,서울역,matched,06:00,49008,LH10단지,680.5,680.5,11:21,11:21,0.0,innovation,innovation,KOBUS 공시,KOBUS 공시
2026-10-13,서울역,matched,06:00,49036,풀에버정문,680.5,680.5,11:21,11:21,0.0,innovation,innovation,KOBUS 공시,KOBUS 공시
2026-10-13,서울역,matched,06:30,49008,LH10단지,708.5,708.5,11:49,11:49,0.0,rail,rail,KTX-산천 382,KTX-산천 382
2026-10-13,서울역,matched,06:30,49036,풀에버정문,708.5,708.5,11:49,11:49,0.0,rail,rail,KTX-산천 382,KTX-산천 382
2026-10-13,서울역,optimistic,04:00,49008,LH10단지,680.5,584.0,11:21,09:44,96.5,innovation,innovation,KOBUS 공시,KOBUS 공시
2026-10-13,서울역,optimistic,04:00,49036,풀에버정문,680.5,584.0,11:21,09:44,96.5,innovation,innovation,KOBUS 공시,KOBUS 공시
2026-10-13,서울역,optimistic,04:30,49008,LH10단지,680.5,584.0,11:21,09:44,96.5,innovation,innovation,KOBUS 공시,KOBUS 공시
2026-10-13,서울역,optimistic,04:30,49036,풀에버정문,680.5,584.0,11:21,09:44,96.5,innovation,innovation,KOBUS 공시,KOBUS 공시
2026-10-13,서울역,optimistic,05:00,49008,LH10단지,680.5,680.5,11:21,11:21,0.0,innovation,innovation,KOBUS 공시,KOBUS 공시
2026-10-13,서울역,optimistic,05:00,49036,풀에버정문,680.5,680.5,11:21,11:21,0.0,innovation,innovation,KOBUS 공시,KOBUS 공시
2026-10-13,서울역,optimistic,05:30,49008,LH10단지,680.5,680.5,11:21,11:21,0.0,innovation,innovation,KOBUS 공시,KOBUS 공시
2026-10-13,서울역,optimistic,05:30,49036,풀에버정문,680.5,680.5,11:21,11:21,0.0,innovation,innovation,KOBUS 공시,KOBUS 공시
2026-10-13,서울역,optimistic,06:00,49008,LH10단지,680.5,680.5,11:21,11:21,0.0,innovation,innovation,KOBUS 공시,KOBUS 공시
2026-10-13,서울역,optimistic,06:00,49036,풀에버정문,680.5,680.5,11:21,11:21,0.0,innovation,innovation,KOBUS 공시,KOBUS 공시
2026-10-13,서울역,optimistic,06:30,49008,LH10단지,708.5,708.5,11:49,11:49,0.0,rail,rail,KTX-산천 382,KTX-산천 382
2026-10-13,서울역,optimistic,06:30,49036,풀에버정문,708.5,708.5,11:49,11:49,0.0,rail,rail,KTX-산천 382,KTX-산천 382
2026-10-13,사당,strict,04:00,49008,LH10단지,664.0,573.0,11:04,09:33,91.0,innovation,innovation,KOBUS 공시,KOBUS 공시
2026-10-13,사당,strict,04:00,49036,풀에버정문,664.0,573.0,11:04,09:33,91.0,innovation,innovation,KOBUS 공시,KOBUS 공시
2026-10-13,사당,strict,04:30,49008,LH10단지,664.0,573.0,11:04,09:33,91.0,innovation,innovation,KOBUS 공시,KOBUS 공시
2026-10-13,사당,strict,04:30,49036,풀에버정문,664.0,573.0,11:04,09:33,91.0,innovation,innovation,KOBUS 공시,KOBUS 공시
2026-10-13,사당,strict,05:00,49008,LH10단지,664.0,664.0,11:04,11:04,0.0,innovation,innovation,KOBUS 공시,KOBUS 공시
2026-10-13,사당,strict,05:00,49036,풀에버정문,664.0,664.0,11:04,11:04,0.0,innovation,innovation,KOBUS 공시,KOBUS 공시
2026-10-13,사당,strict,05:30,49008,LH10단지,664.0,664.0,11:04,11:04,0.0,innovation,innovation,KOBUS 공시,KOBUS 공시
2026-10-13,사당,strict,05:30,49036,풀에버정문,664.0,664.0,11:04,11:04,0.0,innovation,innovation,KOBUS 공시,KOBUS 공시
2026-10-13,사당,strict,06:00,49008,LH10단지,664.0,664.0,11:04,11:04,0.0,innovation,innovation,KOBUS 공시,KOBUS 공시
2026-10-13,사당,strict,06:00,49036,풀에버정문,664.0,664.0,11:04,11:04,0.0,innovation,innovation,KOBUS 공시,KOBUS 공시
2026-10-13,사당,strict,06:30,49008,LH10단지,688.5,688.5,11:29,11:29,0.0,rail,rail,KTX-산천 382,KTX-산천 382
2026-10-13,사당,strict,06:30,49036,풀에버정문,688.5,688.5,11:29,11:29,0.0,rail,rail,KTX-산천 382,KTX-산천 382
2026-10-13,사당,matched,04:00,49008,LH10단지,664.0,573.0,11:04,09:33,91.0,innovation,innovation,KOBUS 공시,KOBUS 공시
2026-10-13,사당,matched,04:00,49036,풀에버정문,664.0,573.0,11:04,09:33,91.0,innovation,innovation,KOBUS 공시,KOBUS 공시
2026-10-13,사당,matched,04:30,49008,LH10단지,664.0,573.0,11:04,09:33,91.0,innovation,innovation,KOBUS 공시,KOBUS 공시
2026-10-13,사당,matched,04:30,49036,풀에버정문,664.0,573.0,11:04,09:33,91.0,innovation,innovation,KOBUS 공시,KOBUS 공시
2026-10-13,사당,matched,05:00,49008,LH10단지,664.0,664.0,11:04,11:04,0.0,innovation,innovation,KOBUS 공시,KOBUS 공시
2026-10-13,사당,matched,05:00,49036,풀에버정문,664.0,664.0,11:04,11:04,0.0,innovation,innovation,KOBUS 공시,KOBUS 공시
2026-10-13,사당,matched,05:30,49008,LH10단지,664.0,664.0,11:04,11:04,0.0,innovation,innovation,KOBUS 공시,KOBUS 공시
2026-10-13,사당,matched,05:30,49036,풀에버정문,664.0,664.0,11:04,11:04,0.0,innovation,innovation,KOBUS 공시,KOBUS 공시
2026-10-13,사당,matched,06:00,49008,LH10단지,664.0,664.0,11:04,11:04,0.0,innovation,innovation,KOBUS 공시,KOBUS 공시
2026-10-13,사당,matched,06:00,49036,풀에버정문,664.0,664.0,11:04,11:04,0.0,innovation,innovation,KOBUS 공시,KOBUS 공시
2026-10-13,사당,matched,06:30,49008,LH10단지,688.5,688.5,11:29,11:29,0.0,rail,rail,KTX-산천 382,KTX-산천 382
2026-10-13,사당,matched,06:30,49036,풀에버정문,688.5,688.5,11:29,11:29,0.0,rail,rail,KTX-산천 382,KTX-산천 382
2026-10-13,사당,optimistic,04:00,49008,LH10단지,664.0,573.0,11:04,09:33,91.0,innovation,innovation,KOBUS 공시,KOBUS 공시
2026-10-13,사당,optimistic,04:00,49036,풀에버정문,664.0,573.0,11:04,09:33,91.0,innovation,innovation,KOBUS 공시,KOBUS 공시
2026-10-13,사당,optimistic,04:30,49008,LH10단지,664.0,573.0,11:04,09:33,91.0,innovation,innovation,KOBUS 공시,KOBUS 공시
2026-10-13,사당,optimistic,04:30,49036,풀에버정문,664.0,573.0,11:04,09:33,91.0,innovation,innovation,KOBUS 공시,KOBUS 공시
2026-10-13,사당,optimistic,05:00,49008,LH10단지,664.0,664.0,11:04,11:04,0.0,innovation,innovation,KOBUS 공시,KOBUS 공시
2026-10-13,사당,optimistic,05:00,49036,풀에버정문,664.0,664.0,11:04,11:04,0.0,innovation,innovation,KOBUS 공시,KOBUS 공시
2026-10-13,사당,optimistic,05:30,49008,LH10단지,664.0,664.0,11:04,11:04,0.0,innovation,innovation,KOBUS 공시,KOBUS 공시
2026-10-13,사당,optimistic,05:30,49036,풀에버정문,664.0,664.0,11:04,11:04,0.0,innovation,innovation,KOBUS 공시,KOBUS 공시
2026-10-13,사당,optimistic,06:00,49008,LH10단지,664.0,664.0,11:04,11:04,0.0,innovation,innovation,KOBUS 공시,KOBUS 공시
2026-10-13,사당,optimistic,06:00,49036,풀에버정문,664.0,664.0,11:04,11:04,0.0,innovation,innovation,KOBUS 공시,KOBUS 공시
2026-10-13,사당,optimistic,06:30,49008,LH10단지,688.5,688.5,11:29,11:29,0.0,rail,rail,KTX-산천 382,KTX-산천 382
2026-10-13,사당,optimistic,06:30,49036,풀에버정문,688.5,688.5,11:29,11:29,0.0,rail,rail,KTX-산천 382,KTX-산천 382
2026-10-15,강남,strict,04:00,49008,LH10단지,660.0,567.0,11:00,09:27,93.0,innovation,innovation,KOBUS 공시,KOBUS 공시
2026-10-15,강남,strict,04:00,49036,풀에버정문,660.0,567.0,11:00,09:27,93.0,innovation,innovation,KOBUS 공시,KOBUS 공시
2026-10-15,강남,strict,04:30,49008,LH10단지,660.0,567.0,11:00,09:27,93.0,innovation,innovation,KOBUS 공시,KOBUS 공시
2026-10-15,강남,strict,04:30,49036,풀에버정문,660.0,567.0,11:00,09:27,93.0,innovation,innovation,KOBUS 공시,KOBUS 공시
2026-10-15,강남,strict,05:00,49008,LH10단지,660.0,660.0,11:00,11:00,0.0,innovation,innovation,KOBUS 공시,KOBUS 공시
2026-10-15,강남,strict,05:00,49036,풀에버정문,660.0,660.0,11:00,11:00,0.0,innovation,innovation,KOBUS 공시,KOBUS 공시
2026-10-15,강남,strict,05:30,49008,LH10단지,660.0,660.0,11:00,11:00,0.0,innovation,innovation,KOBUS 공시,KOBUS 공시
2026-10-15,강남,strict,05:30,49036,풀에버정문,660.0,660.0,11:00,11:00,0.0,innovation,innovation,KOBUS 공시,KOBUS 공시
2026-10-15,강남,strict,06:00,49008,LH10단지,660.0,660.0,11:00,11:00,0.0,innovation,innovation,KOBUS 공시,KOBUS 공시
2026-10-15,강남,strict,06:00,49036,풀에버정문,660.0,660.0,11:00,11:00,0.0,innovation,innovation,KOBUS 공시,KOBUS 공시
2026-10-15,강남,strict,06:30,49008,LH10단지,685.0,685.0,11:25,11:25,0.0,rail,rail,KTX-산천 382,KTX-산천 382
2026-10-15,강남,strict,06:30,49036,풀에버정문,685.0,685.0,11:25,11:25,0.0,rail,rail,KTX-산천 382,KTX-산천 382
2026-10-15,강남,matched,04:00,49008,LH10단지,660.0,567.0,11:00,09:27,93.0,innovation,innovation,KOBUS 공시,KOBUS 공시
2026-10-15,강남,matched,04:00,49036,풀에버정문,660.0,567.0,11:00,09:27,93.0,innovation,innovation,KOBUS 공시,KOBUS 공시
2026-10-15,강남,matched,04:30,49008,LH10단지,660.0,567.0,11:00,09:27,93.0,innovation,innovation,KOBUS 공시,KOBUS 공시
2026-10-15,강남,matched,04:30,49036,풀에버정문,660.0,567.0,11:00,09:27,93.0,innovation,innovation,KOBUS 공시,KOBUS 공시
2026-10-15,강남,matched,05:00,49008,LH10단지,660.0,660.0,11:00,11:00,0.0,innovation,innovation,KOBUS 공시,KOBUS 공시
2026-10-15,강남,matched,05:00,49036,풀에버정문,660.0,660.0,11:00,11:00,0.0,innovation,innovation,KOBUS 공시,KOBUS 공시
2026-10-15,강남,matched,05:30,49008,LH10단지,660.0,660.0,11:00,11:00,0.0,innovation,innovation,KOBUS 공시,KOBUS 공시
2026-10-15,강남,matched,05:30,49036,풀에버정문,660.0,660.0,11:00,11:00,0.0,innovation,innovation,KOBUS 공시,KOBUS 공시
2026-10-15,강남,matched,06:00,49008,LH10단지,660.0,660.0,11:00,11:00,0.0,innovation,innovation,KOBUS 공시,KOBUS 공시
2026-10-15,강남,matched,06:00,49036,풀에버정문,660.0,660.0,11:00,11:00,0.0,innovation,innovation,KOBUS 공시,KOBUS 공시
2026-10-15,강남,matched,06:30,49008,LH10단지,685.0,685.0,11:25,11:25,0.0,rail,rail,KTX-산천 382,KTX-산천 382
2026-10-15,강남,matched,06:30,49036,풀에버정문,685.0,685.0,11:25,11:25,0.0,rail,rail,KTX-산천 382,KTX-산천 382
2026-10-15,강남,optimistic,04:00,49008,LH10단지,660.0,567.0,11:00,09:27,93.0,innovation,innovation,KOBUS 공시,KOBUS 공시
2026-10-15,강남,optimistic,04:00,49036,풀에버정문,660.0,567.0,11:00,09:27,93.0,innovation,innovation,KOBUS 공시,KOBUS 공시
2026-10-15,강남,optimistic,04:30,49008,LH10단지,660.0,567.0,11:00,09:27,93.0,innovation,innovation,KOBUS 공시,KOBUS 공시
2026-10-15,강남,optimistic,04:30,49036,풀에버정문,660.0,567.0,11:00,09:27,93.0,innovation,innovation,KOBUS 공시,KOBUS 공시
2026-10-15,강남,optimistic,05:00,49008,LH10단지,660.0,660.0,11:00,11:00,0.0,innovation,innovation,KOBUS 공시,KOBUS 공시
2026-10-15,강남,optimistic,05:00,49036,풀에버정문,660.0,660.0,11:00,11:00,0.0,innovation,innovation,KOBUS 공시,KOBUS 공시
2026-10-15,강남,optimistic,05:30,49008,LH10단지,660.0,660.0,11:00,11:00,0.0,innovation,innovation,KOBUS 공시,KOBUS 공시
2026-10-15,강남,optimistic,05:30,49036,풀에버정문,660.0,660.0,11:00,11:00,0.0,innovation,innovation,KOBUS 공시,KOBUS 공시
2026-10-15,강남,optimistic,06:00,49008,LH10단지,660.0,660.0,11:00,11:00,0.0,innovation,innovation,KOBUS 공시,KOBUS 공시
2026-10-15,강남,optimistic,06:00,49036,풀에버정문,660.0,660.0,11:00,11:00,0.0,innovation,innovation,KOBUS 공시,KOBUS 공시
2026-10-15,강남,optimistic,06:30,49008,LH10단지,685.0,685.0,11:25,11:25,0.0,rail,rail,KTX-산천 382,KTX-산천 382
2026-10-15,강남,optimistic,06:30,49036,풀에버정문,685.0,685.0,11:25,11:25,0.0,rail,rail,KTX-산천 382,KTX-산천 382
2026-10-15,서울역,strict,04:00,49008,LH10단지,680.5,584.0,11:21,09:44,96.5,innovation,innovation,KOBUS 공시,KOBUS 공시
2026-10-15,서울역,strict,04:00,49036,풀에버정문,680.5,584.0,11:21,09:44,96.5,innovation,innovation,KOBUS 공시,KOBUS 공시
2026-10-15,서울역,strict,04:30,49008,LH10단지,680.5,584.0,11:21,09:44,96.5,innovation,innovation,KOBUS 공시,KOBUS 공시
2026-10-15,서울역,strict,04:30,49036,풀에버정문,680.5,584.0,11:21,09:44,96.5,innovation,innovation,KOBUS 공시,KOBUS 공시
2026-10-15,서울역,strict,05:00,49008,LH10단지,680.5,680.5,11:21,11:21,0.0,innovation,innovation,KOBUS 공시,KOBUS 공시
2026-10-15,서울역,strict,05:00,49036,풀에버정문,680.5,680.5,11:21,11:21,0.0,innovation,innovation,KOBUS 공시,KOBUS 공시
2026-10-15,서울역,strict,05:30,49008,LH10단지,680.5,680.5,11:21,11:21,0.0,innovation,innovation,KOBUS 공시,KOBUS 공시
2026-10-15,서울역,strict,05:30,49036,풀에버정문,680.5,680.5,11:21,11:21,0.0,innovation,innovation,KOBUS 공시,KOBUS 공시
2026-10-15,서울역,strict,06:00,49008,LH10단지,680.5,680.5,11:21,11:21,0.0,innovation,innovation,KOBUS 공시,KOBUS 공시
2026-10-15,서울역,strict,06:00,49036,풀에버정문,680.5,680.5,11:21,11:21,0.0,innovation,innovation,KOBUS 공시,KOBUS 공시
2026-10-15,서울역,strict,06:30,49008,LH10단지,708.5,708.5,11:49,11:49,0.0,rail,rail,KTX-산천 382,KTX-산천 382
2026-10-15,서울역,strict,06:30,49036,풀에버정문,708.5,708.5,11:49,11:49,0.0,rail,rail,KTX-산천 382,KTX-산천 382
2026-10-15,서울역,matched,04:00,49008,LH10단지,680.5,584.0,11:21,09:44,96.5,innovation,innovation,KOBUS 공시,KOBUS 공시
2026-10-15,서울역,matched,04:00,49036,풀에버정문,680.5,584.0,11:21,09:44,96.5,innovation,innovation,KOBUS 공시,KOBUS 공시
2026-10-15,서울역,matched,04:30,49008,LH10단지,680.5,584.0,11:21,09:44,96.5,innovation,innovation,KOBUS 공시,KOBUS 공시
2026-10-15,서울역,matched,04:30,49036,풀에버정문,680.5,584.0,11:21,09:44,96.5,innovation,innovation,KOBUS 공시,KOBUS 공시
2026-10-15,서울역,matched,05:00,49008,LH10단지,680.5,680.5,11:21,11:21,0.0,innovation,innovation,KOBUS 공시,KOBUS 공시
2026-10-15,서울역,matched,05:00,49036,풀에버정문,680.5,680.5,11:21,11:21,0.0,innovation,innovation,KOBUS 공시,KOBUS 공시
2026-10-15,서울역,matched,05:30,49008,LH10단지,680.5,680.5,11:21,11:21,0.0,innovation,innovation,KOBUS 공시,KOBUS 공시
2026-10-15,서울역,matched,05:30,49036,풀에버정문,680.5,680.5,11:21,11:21,0.0,innovation,innovation,KOBUS 공시,KOBUS 공시
2026-10-15,서울역,matched,06:00,49008,LH10단지,680.5,680.5,11:21,11:21,0.0,innovation,innovation,KOBUS 공시,KOBUS 공시
2026-10-15,서울역,matched,06:00,49036,풀에버정문,680.5,680.5,11:21,11:21,0.0,innovation,innovation,KOBUS 공시,KOBUS 공시
2026-10-15,서울역,matched,06:30,49008,LH10단지,708.5,708.5,11:49,11:49,0.0,rail,rail,KTX-산천 382,KTX-산천 382
2026-10-15,서울역,matched,06:30,49036,풀에버정문,708.5,708.5,11:49,11:49,0.0,rail,rail,KTX-산천 382,KTX-산천 382
2026-10-15,서울역,optimistic,04:00,49008,LH10단지,680.5,584.0,11:21,09:44,96.5,innovation,innovation,KOBUS 공시,KOBUS 공시
2026-10-15,서울역,optimistic,04:00,49036,풀에버정문,680.5,584.0,11:21,09:44,96.5,innovation,innovation,KOBUS 공시,KOBUS 공시
2026-10-15,서울역,optimistic,04:30,49008,LH10단지,680.5,584.0,11:21,09:44,96.5,innovation,innovation,KOBUS 공시,KOBUS 공시
2026-10-15,서울역,optimistic,04:30,49036,풀에버정문,680.5,584.0,11:21,09:44,96.5,innovation,innovation,KOBUS 공시,KOBUS 공시
2026-10-15,서울역,optimistic,05:00,49008,LH10단지,680.5,680.5,11:21,11:21,0.0,innovation,innovation,KOBUS 공시,KOBUS 공시
2026-10-15,서울역,optimistic,05:00,49036,풀에버정문,680.5,680.5,11:21,11:21,0.0,innovation,innovation,KOBUS 공시,KOBUS 공시
2026-10-15,서울역,optimistic,05:30,49008,LH10단지,680.5,680.5,11:21,11:21,0.0,innovation,innovation,KOBUS 공시,KOBUS 공시
2026-10-15,서울역,optimistic,05:30,49036,풀에버정문,680.5,680.5,11:21,11:21,0.0,innovation,innovation,KOBUS 공시,KOBUS 공시
2026-10-15,서울역,optimistic,06:00,49008,LH10단지,680.5,680.5,11:21,11:21,0.0,innovation,innovation,KOBUS 공시,KOBUS 공시
2026-10-15,서울역,optimistic,06:00,49036,풀에버정문,680.5,680.5,11:21,11:21,0.0,innovation,innovation,KOBUS 공시,KOBUS 공시
2026-10-15,서울역,optimistic,06:30,49008,LH10단지,708.5,708.5,11:49,11:49,0.0,rail,rail,KTX-산천 382,KTX-산천 382
2026-10-15,서울역,optimistic,06:30,49036,풀에버정문,708.5,708.5,11:49,11:49,0.0,rail,rail,KTX-산천 382,KTX-산천 382
2026-10-15,사당,strict,04:00,49008,LH10단지,664.0,573.0,11:04,09:33,91.0,innovation,innovation,KOBUS 공시,KOBUS 공시
2026-10-15,사당,strict,04:00,49036,풀에버정문,664.0,573.0,11:04,09:33,91.0,innovation,innovation,KOBUS 공시,KOBUS 공시
2026-10-15,사당,strict,04:30,49008,LH10단지,664.0,573.0,11:04,09:33,91.0,innovation,innovation,KOBUS 공시,KOBUS 공시
2026-10-15,사당,strict,04:30,49036,풀에버정문,664.0,573.0,11:04,09:33,91.0,innovation,innovation,KOBUS 공시,KOBUS 공시
2026-10-15,사당,strict,05:00,49008,LH10단지,664.0,664.0,11:04,11:04,0.0,innovation,innovation,KOBUS 공시,KOBUS 공시
2026-10-15,사당,strict,05:00,49036,풀에버정문,664.0,664.0,11:04,11:04,0.0,innovation,innovation,KOBUS 공시,KOBUS 공시
2026-10-15,사당,strict,05:30,49008,LH10단지,664.0,664.0,11:04,11:04,0.0,innovation,innovation,KOBUS 공시,KOBUS 공시
2026-10-15,사당,strict,05:30,49036,풀에버정문,664.0,664.0,11:04,11:04,0.0,innovation,innovation,KOBUS 공시,KOBUS 공시
2026-10-15,사당,strict,06:00,49008,LH10단지,664.0,664.0,11:04,11:04,0.0,innovation,innovation,KOBUS 공시,KOBUS 공시
2026-10-15,사당,strict,06:00,49036,풀에버정문,664.0,664.0,11:04,11:04,0.0,innovation,innovation,KOBUS 공시,KOBUS 공시
2026-10-15,사당,strict,06:30,49008,LH10단지,688.5,688.5,11:29,11:29,0.0,rail,rail,KTX-산천 382,KTX-산천 382
2026-10-15,사당,strict,06:30,49036,풀에버정문,688.5,688.5,11:29,11:29,0.0,rail,rail,KTX-산천 382,KTX-산천 382
2026-10-15,사당,matched,04:00,49008,LH10단지,664.0,573.0,11:04,09:33,91.0,innovation,innovation,KOBUS 공시,KOBUS 공시
2026-10-15,사당,matched,04:00,49036,풀에버정문,664.0,573.0,11:04,09:33,91.0,innovation,innovation,KOBUS 공시,KOBUS 공시
2026-10-15,사당,matched,04:30,49008,LH10단지,664.0,573.0,11:04,09:33,91.0,innovation,innovation,KOBUS 공시,KOBUS 공시
2026-10-15,사당,matched,04:30,49036,풀에버정문,664.0,573.0,11:04,09:33,91.0,innovation,innovation,KOBUS 공시,KOBUS 공시
2026-10-15,사당,matched,05:00,49008,LH10단지,664.0,664.0,11:04,11:04,0.0,innovation,innovation,KOBUS 공시,KOBUS 공시
2026-10-15,사당,matched,05:00,49036,풀에버정문,664.0,664.0,11:04,11:04,0.0,innovation,innovation,KOBUS 공시,KOBUS 공시
2026-10-15,사당,matched,05:30,49008,LH10단지,664.0,664.0,11:04,11:04,0.0,innovation,innovation,KOBUS 공시,KOBUS 공시
2026-10-15,사당,matched,05:30,49036,풀에버정문,664.0,664.0,11:04,11:04,0.0,innovation,innovation,KOBUS 공시,KOBUS 공시
2026-10-15,사당,matched,06:00,49008,LH10단지,664.0,664.0,11:04,11:04,0.0,innovation,innovation,KOBUS 공시,KOBUS 공시
2026-10-15,사당,matched,06:00,49036,풀에버정문,664.0,664.0,11:04,11:04,0.0,innovation,innovation,KOBUS 공시,KOBUS 공시
2026-10-15,사당,matched,06:30,49008,LH10단지,688.5,688.5,11:29,11:29,0.0,rail,rail,KTX-산천 382,KTX-산천 382
2026-10-15,사당,matched,06:30,49036,풀에버정문,688.5,688.5,11:29,11:29,0.0,rail,rail,KTX-산천 382,KTX-산천 382
2026-10-15,사당,optimistic,04:00,49008,LH10단지,664.0,573.0,11:04,09:33,91.0,innovation,innovation,KOBUS 공시,KOBUS 공시
2026-10-15,사당,optimistic,04:00,49036,풀에버정문,664.0,573.0,11:04,09:33,91.0,innovation,innovation,KOBUS 공시,KOBUS 공시
2026-10-15,사당,optimistic,04:30,49008,LH10단지,664.0,573.0,11:04,09:33,91.0,innovation,innovation,KOBUS 공시,KOBUS 공시
2026-10-15,사당,optimistic,04:30,49036,풀에버정문,664.0,573.0,11:04,09:33,91.0,innovation,innovation,KOBUS 공시,KOBUS 공시
2026-10-15,사당,optimistic,05:00,49008,LH10단지,664.0,664.0,11:04,11:04,0.0,innovation,innovation,KOBUS 공시,KOBUS 공시
2026-10-15,사당,optimistic,05:00,49036,풀에버정문,664.0,664.0,11:04,11:04,0.0,innovation,innovation,KOBUS 공시,KOBUS 공시
2026-10-15,사당,optimistic,05:30,49008,LH10단지,664.0,664.0,11:04,11:04,0.0,innovation,innovation,KOBUS 공시,KOBUS 공시
2026-10-15,사당,optimistic,05:30,49036,풀에버정문,664.0,664.0,11:04,11:04,0.0,innovation,innovation,KOBUS 공시,KOBUS 공시
2026-10-15,사당,optimistic,06:00,49008,LH10단지,664.0,664.0,11:04,11:04,0.0,innovation,innovation,KOBUS 공시,KOBUS 공시
2026-10-15,사당,optimistic,06:00,49036,풀에버정문,664.0,664.0,11:04,11:04,0.0,innovation,innovation,KOBUS 공시,KOBUS 공시
2026-10-15,사당,optimistic,06:30,49008,LH10단지,688.5,688.5,11:29,11:29,0.0,rail,rail,KTX-산천 382,KTX-산천 382
2026-10-15,사당,optimistic,06:30,49036,풀에버정문,688.5,688.5,11:29,11:29,0.0,rail,rail,KTX-산천 382,KTX-산천 382
2026-10-17,강남,strict,04:00,49008,LH10단지,678.5,576.5,11:19,09:37,102.0,rail,innovation,KTX-산천 382,KOBUS 공시
2026-10-17,강남,strict,04:00,49036,풀에버정문,678.5,576.5,11:19,09:37,102.0,rail,innovation,KTX-산천 382,KOBUS 공시
2026-10-17,강남,strict,04:30,49008,LH10단지,678.5,576.5,11:19,09:37,102.0,rail,innovation,KTX-산천 382,KOBUS 공시
2026-10-17,강남,strict,04:30,49036,풀에버정문,678.5,576.5,11:19,09:37,102.0,rail,innovation,KTX-산천 382,KOBUS 공시
2026-10-17,강남,strict,05:00,49008,LH10단지,678.5,678.5,11:19,11:19,0.0,rail,rail,KTX-산천 382,KTX-산천 382
2026-10-17,강남,strict,05:00,49036,풀에버정문,678.5,678.5,11:19,11:19,0.0,rail,rail,KTX-산천 382,KTX-산천 382
2026-10-17,강남,strict,05:30,49008,LH10단지,678.5,678.5,11:19,11:19,0.0,rail,rail,KTX-산천 382,KTX-산천 382
2026-10-17,강남,strict,05:30,49036,풀에버정문,678.5,678.5,11:19,11:19,0.0,rail,rail,KTX-산천 382,KTX-산천 382
2026-10-17,강남,strict,06:00,49008,LH10단지,678.5,678.5,11:19,11:19,0.0,rail,rail,KTX-산천 382,KTX-산천 382
2026-10-17,강남,strict,06:00,49036,풀에버정문,678.5,678.5,11:19,11:19,0.0,rail,rail,KTX-산천 382,KTX-산천 382
2026-10-17,강남,strict,06:30,49008,LH10단지,678.5,678.5,11:19,11:19,0.0,rail,rail,KTX-산천 382,KTX-산천 382
2026-10-17,강남,strict,06:30,49036,풀에버정문,678.5,678.5,11:19,11:19,0.0,rail,rail,KTX-산천 382,KTX-산천 382
2026-10-17,강남,matched,04:00,49008,LH10단지,658.5,576.5,10:59,09:37,82.0,gaeyang,innovation,KOBUS 공시,KOBUS 공시
2026-10-17,강남,matched,04:00,49036,풀에버정문,678.5,576.5,11:19,09:37,102.0,rail,innovation,KTX-산천 382,KOBUS 공시
2026-10-17,강남,matched,04:30,49008,LH10단지,658.5,576.5,10:59,09:37,82.0,gaeyang,innovation,KOBUS 공시,KOBUS 공시
2026-10-17,강남,matched,04:30,49036,풀에버정문,678.5,576.5,11:19,09:37,102.0,rail,innovation,KTX-산천 382,KOBUS 공시
2026-10-17,강남,matched,05:00,49008,LH10단지,658.5,658.5,10:59,10:59,0.0,gaeyang,gaeyang,KOBUS 공시,KOBUS 공시
2026-10-17,강남,matched,05:00,49036,풀에버정문,678.5,678.5,11:19,11:19,0.0,rail,rail,KTX-산천 382,KTX-산천 382
2026-10-17,강남,matched,05:30,49008,LH10단지,658.5,658.5,10:59,10:59,0.0,gaeyang,gaeyang,KOBUS 공시,KOBUS 공시
2026-10-17,강남,matched,05:30,49036,풀에버정문,678.5,678.5,11:19,11:19,0.0,rail,rail,KTX-산천 382,KTX-산천 382
2026-10-17,강남,matched,06:00,49008,LH10단지,658.5,658.5,10:59,10:59,0.0,gaeyang,gaeyang,KOBUS 공시,KOBUS 공시
2026-10-17,강남,matched,06:00,49036,풀에버정문,678.5,678.5,11:19,11:19,0.0,rail,rail,KTX-산천 382,KTX-산천 382
2026-10-17,강남,matched,06:30,49008,LH10단지,678.5,678.5,11:19,11:19,0.0,rail,rail,KTX-산천 382,KTX-산천 382
2026-10-17,강남,matched,06:30,49036,풀에버정문,678.5,678.5,11:19,11:19,0.0,rail,rail,KTX-산천 382,KTX-산천 382
2026-10-17,강남,optimistic,04:00,49008,LH10단지,658.5,576.5,10:59,09:37,82.0,gaeyang,innovation,KOBUS 공시,KOBUS 공시
2026-10-17,강남,optimistic,04:00,49036,풀에버정문,658.5,576.5,10:59,09:37,82.0,gaeyang,innovation,KOBUS 공시,KOBUS 공시
2026-10-17,강남,optimistic,04:30,49008,LH10단지,658.5,576.5,10:59,09:37,82.0,gaeyang,innovation,KOBUS 공시,KOBUS 공시
2026-10-17,강남,optimistic,04:30,49036,풀에버정문,658.5,576.5,10:59,09:37,82.0,gaeyang,innovation,KOBUS 공시,KOBUS 공시
2026-10-17,강남,optimistic,05:00,49008,LH10단지,658.5,658.5,10:59,10:59,0.0,gaeyang,gaeyang,KOBUS 공시,KOBUS 공시
2026-10-17,강남,optimistic,05:00,49036,풀에버정문,658.5,658.5,10:59,10:59,0.0,gaeyang,gaeyang,KOBUS 공시,KOBUS 공시
2026-10-17,강남,optimistic,05:30,49008,LH10단지,658.5,658.5,10:59,10:59,0.0,gaeyang,gaeyang,KOBUS 공시,KOBUS 공시
2026-10-17,강남,optimistic,05:30,49036,풀에버정문,658.5,658.5,10:59,10:59,0.0,gaeyang,gaeyang,KOBUS 공시,KOBUS 공시
2026-10-17,강남,optimistic,06:00,49008,LH10단지,658.5,658.5,10:59,10:59,0.0,gaeyang,gaeyang,KOBUS 공시,KOBUS 공시
2026-10-17,강남,optimistic,06:00,49036,풀에버정문,658.5,658.5,10:59,10:59,0.0,gaeyang,gaeyang,KOBUS 공시,KOBUS 공시
2026-10-17,강남,optimistic,06:30,49008,LH10단지,678.5,678.5,11:19,11:19,0.0,rail,rail,KTX-산천 382,KTX-산천 382
2026-10-17,강남,optimistic,06:30,49036,풀에버정문,678.5,678.5,11:19,11:19,0.0,rail,rail,KTX-산천 382,KTX-산천 382
2026-10-17,서울역,strict,04:00,49008,LH10단지,699.5,597.5,11:40,09:58,102.0,innovation,innovation,KOBUS 공시,KOBUS 공시
2026-10-17,서울역,strict,04:00,49036,풀에버정문,699.5,597.5,11:40,09:58,102.0,innovation,innovation,KOBUS 공시,KOBUS 공시
2026-10-17,서울역,strict,04:30,49008,LH10단지,699.5,597.5,11:40,09:58,102.0,innovation,innovation,KOBUS 공시,KOBUS 공시
2026-10-17,서울역,strict,04:30,49036,풀에버정문,699.5,597.5,11:40,09:58,102.0,innovation,innovation,KOBUS 공시,KOBUS 공시
2026-10-17,서울역,strict,05:00,49008,LH10단지,699.5,699.5,11:40,11:40,0.0,innovation,innovation,KOBUS 공시,KOBUS 공시
2026-10-17,서울역,strict,05:00,49036,풀에버정문,699.5,699.5,11:40,11:40,0.0,innovation,innovation,KOBUS 공시,KOBUS 공시
2026-10-17,서울역,strict,05:30,49008,LH10단지,699.5,699.5,11:40,11:40,0.0,innovation,innovation,KOBUS 공시,KOBUS 공시
2026-10-17,서울역,strict,05:30,49036,풀에버정문,699.5,699.5,11:40,11:40,0.0,innovation,innovation,KOBUS 공시,KOBUS 공시
2026-10-17,서울역,strict,06:00,49008,LH10단지,699.5,699.5,11:40,11:40,0.0,innovation,innovation,KOBUS 공시,KOBUS 공시
2026-10-17,서울역,strict,06:00,49036,풀에버정문,699.5,699.5,11:40,11:40,0.0,innovation,innovation,KOBUS 공시,KOBUS 공시
2026-10-17,서울역,strict,06:30,49008,LH10단지,699.5,699.5,11:40,11:40,0.0,innovation,innovation,KOBUS 공시,KOBUS 공시
2026-10-17,서울역,strict,06:30,49036,풀에버정문,699.5,699.5,11:40,11:40,0.0,innovation,innovation,KOBUS 공시,KOBUS 공시
2026-10-17,서울역,matched,04:00,49008,LH10단지,675.5,597.5,11:16,09:58,78.0,gaeyang,innovation,KOBUS 공시,KOBUS 공시
2026-10-17,서울역,matched,04:00,49036,풀에버정문,699.5,597.5,11:40,09:58,102.0,innovation,innovation,KOBUS 공시,KOBUS 공시
2026-10-17,서울역,matched,04:30,49008,LH10단지,675.5,597.5,11:16,09:58,78.0,gaeyang,innovation,KOBUS 공시,KOBUS 공시
2026-10-17,서울역,matched,04:30,49036,풀에버정문,699.5,597.5,11:40,09:58,102.0,innovation,innovation,KOBUS 공시,KOBUS 공시
2026-10-17,서울역,matched,05:00,49008,LH10단지,675.5,675.5,11:16,11:16,0.0,gaeyang,gaeyang,KOBUS 공시,KOBUS 공시
2026-10-17,서울역,matched,05:00,49036,풀에버정문,699.5,699.5,11:40,11:40,0.0,innovation,innovation,KOBUS 공시,KOBUS 공시
2026-10-17,서울역,matched,05:30,49008,LH10단지,675.5,675.5,11:16,11:16,0.0,gaeyang,gaeyang,KOBUS 공시,KOBUS 공시
2026-10-17,서울역,matched,05:30,49036,풀에버정문,699.5,699.5,11:40,11:40,0.0,innovation,innovation,KOBUS 공시,KOBUS 공시
2026-10-17,서울역,matched,06:00,49008,LH10단지,675.5,675.5,11:16,11:16,0.0,gaeyang,gaeyang,KOBUS 공시,KOBUS 공시
2026-10-17,서울역,matched,06:00,49036,풀에버정문,699.5,699.5,11:40,11:40,0.0,innovation,innovation,KOBUS 공시,KOBUS 공시
2026-10-17,서울역,matched,06:30,49008,LH10단지,699.5,699.5,11:40,11:40,0.0,innovation,innovation,KOBUS 공시,KOBUS 공시
2026-10-17,서울역,matched,06:30,49036,풀에버정문,699.5,699.5,11:40,11:40,0.0,innovation,innovation,KOBUS 공시,KOBUS 공시
2026-10-17,서울역,optimistic,04:00,49008,LH10단지,675.5,597.5,11:16,09:58,78.0,gaeyang,innovation,KOBUS 공시,KOBUS 공시
2026-10-17,서울역,optimistic,04:00,49036,풀에버정문,675.5,597.5,11:16,09:58,78.0,gaeyang,innovation,KOBUS 공시,KOBUS 공시
2026-10-17,서울역,optimistic,04:30,49008,LH10단지,675.5,597.5,11:16,09:58,78.0,gaeyang,innovation,KOBUS 공시,KOBUS 공시
2026-10-17,서울역,optimistic,04:30,49036,풀에버정문,675.5,597.5,11:16,09:58,78.0,gaeyang,innovation,KOBUS 공시,KOBUS 공시
2026-10-17,서울역,optimistic,05:00,49008,LH10단지,675.5,675.5,11:16,11:16,0.0,gaeyang,gaeyang,KOBUS 공시,KOBUS 공시
2026-10-17,서울역,optimistic,05:00,49036,풀에버정문,675.5,675.5,11:16,11:16,0.0,gaeyang,gaeyang,KOBUS 공시,KOBUS 공시
2026-10-17,서울역,optimistic,05:30,49008,LH10단지,675.5,675.5,11:16,11:16,0.0,gaeyang,gaeyang,KOBUS 공시,KOBUS 공시
2026-10-17,서울역,optimistic,05:30,49036,풀에버정문,675.5,675.5,11:16,11:16,0.0,gaeyang,gaeyang,KOBUS 공시,KOBUS 공시
2026-10-17,서울역,optimistic,06:00,49008,LH10단지,675.5,675.5,11:16,11:16,0.0,gaeyang,gaeyang,KOBUS 공시,KOBUS 공시
2026-10-17,서울역,optimistic,06:00,49036,풀에버정문,675.5,675.5,11:16,11:16,0.0,gaeyang,gaeyang,KOBUS 공시,KOBUS 공시
2026-10-17,서울역,optimistic,06:30,49008,LH10단지,699.5,699.5,11:40,11:40,0.0,innovation,innovation,KOBUS 공시,KOBUS 공시
2026-10-17,서울역,optimistic,06:30,49036,풀에버정문,699.5,699.5,11:40,11:40,0.0,innovation,innovation,KOBUS 공시,KOBUS 공시
2026-10-17,사당,strict,04:00,49008,LH10단지,683.0,584.0,11:23,09:44,99.0,innovation,innovation,KOBUS 공시,KOBUS 공시
2026-10-17,사당,strict,04:00,49036,풀에버정문,683.0,584.0,11:23,09:44,99.0,innovation,innovation,KOBUS 공시,KOBUS 공시
2026-10-17,사당,strict,04:30,49008,LH10단지,683.0,584.0,11:23,09:44,99.0,innovation,innovation,KOBUS 공시,KOBUS 공시
2026-10-17,사당,strict,04:30,49036,풀에버정문,683.0,584.0,11:23,09:44,99.0,innovation,innovation,KOBUS 공시,KOBUS 공시
2026-10-17,사당,strict,05:00,49008,LH10단지,683.0,683.0,11:23,11:23,0.0,innovation,innovation,KOBUS 공시,KOBUS 공시
2026-10-17,사당,strict,05:00,49036,풀에버정문,683.0,683.0,11:23,11:23,0.0,innovation,innovation,KOBUS 공시,KOBUS 공시
2026-10-17,사당,strict,05:30,49008,LH10단지,683.0,683.0,11:23,11:23,0.0,innovation,innovation,KOBUS 공시,KOBUS 공시
2026-10-17,사당,strict,05:30,49036,풀에버정문,683.0,683.0,11:23,11:23,0.0,innovation,innovation,KOBUS 공시,KOBUS 공시
2026-10-17,사당,strict,06:00,49008,LH10단지,683.0,683.0,11:23,11:23,0.0,innovation,innovation,KOBUS 공시,KOBUS 공시
2026-10-17,사당,strict,06:00,49036,풀에버정문,683.0,683.0,11:23,11:23,0.0,innovation,innovation,KOBUS 공시,KOBUS 공시
2026-10-17,사당,strict,06:30,49008,LH10단지,683.0,683.0,11:23,11:23,0.0,innovation,innovation,KOBUS 공시,KOBUS 공시
2026-10-17,사당,strict,06:30,49036,풀에버정문,683.0,683.0,11:23,11:23,0.0,innovation,innovation,KOBUS 공시,KOBUS 공시
2026-10-17,사당,matched,04:00,49008,LH10단지,666.0,584.0,11:06,09:44,82.0,gaeyang,innovation,KOBUS 공시,KOBUS 공시
2026-10-17,사당,matched,04:00,49036,풀에버정문,683.0,584.0,11:23,09:44,99.0,innovation,innovation,KOBUS 공시,KOBUS 공시
2026-10-17,사당,matched,04:30,49008,LH10단지,666.0,584.0,11:06,09:44,82.0,gaeyang,innovation,KOBUS 공시,KOBUS 공시
2026-10-17,사당,matched,04:30,49036,풀에버정문,683.0,584.0,11:23,09:44,99.0,innovation,innovation,KOBUS 공시,KOBUS 공시
2026-10-17,사당,matched,05:00,49008,LH10단지,666.0,666.0,11:06,11:06,0.0,gaeyang,gaeyang,KOBUS 공시,KOBUS 공시
2026-10-17,사당,matched,05:00,49036,풀에버정문,683.0,683.0,11:23,11:23,0.0,innovation,innovation,KOBUS 공시,KOBUS 공시
2026-10-17,사당,matched,05:30,49008,LH10단지,666.0,666.0,11:06,11:06,0.0,gaeyang,gaeyang,KOBUS 공시,KOBUS 공시
2026-10-17,사당,matched,05:30,49036,풀에버정문,683.0,683.0,11:23,11:23,0.0,innovation,innovation,KOBUS 공시,KOBUS 공시
2026-10-17,사당,matched,06:00,49008,LH10단지,666.0,666.0,11:06,11:06,0.0,gaeyang,gaeyang,KOBUS 공시,KOBUS 공시
2026-10-17,사당,matched,06:00,49036,풀에버정문,683.0,683.0,11:23,11:23,0.0,innovation,innovation,KOBUS 공시,KOBUS 공시
2026-10-17,사당,matched,06:30,49008,LH10단지,683.0,683.0,11:23,11:23,0.0,innovation,innovation,KOBUS 공시,KOBUS 공시
2026-10-17,사당,matched,06:30,49036,풀에버정문,683.0,683.0,11:23,11:23,0.0,innovation,innovation,KOBUS 공시,KOBUS 공시
2026-10-17,사당,optimistic,04:00,49008,LH10단지,666.0,584.0,11:06,09:44,82.0,gaeyang,innovation,KOBUS 공시,KOBUS 공시
2026-10-17,사당,optimistic,04:00,49036,풀에버정문,666.0,584.0,11:06,09:44,82.0,gaeyang,innovation,KOBUS 공시,KOBUS 공시
2026-10-17,사당,optimistic,04:30,49008,LH10단지,666.0,584.0,11:06,09:44,82.0,gaeyang,innovation,KOBUS 공시,KOBUS 공시
2026-10-17,사당,optimistic,04:30,49036,풀에버정문,666.0,584.0,11:06,09:44,82.0,gaeyang,innovation,KOBUS 공시,KOBUS 공시
2026-10-17,사당,optimistic,05:00,49008,LH10단지,666.0,666.0,11:06,11:06,0.0,gaeyang,gaeyang,KOBUS 공시,KOBUS 공시
2026-10-17,사당,optimistic,05:00,49036,풀에버정문,666.0,666.0,11:06,11:06,0.0,gaeyang,gaeyang,KOBUS 공시,KOBUS 공시
2026-10-17,사당,optimistic,05:30,49008,LH10단지,666.0,666.0,11:06,11:06,0.0,gaeyang,gaeyang,KOBUS 공시,KOBUS 공시
2026-10-17,사당,optimistic,05:30,49036,풀에버정문,666.0,666.0,11:06,11:06,0.0,gaeyang,gaeyang,KOBUS 공시,KOBUS 공시
2026-10-17,사당,optimistic,06:00,49008,LH10단지,666.0,666.0,11:06,11:06,0.0,gaeyang,gaeyang,KOBUS 공시,KOBUS 공시
2026-10-17,사당,optimistic,06:00,49036,풀에버정문,666.0,666.0,11:06,11:06,0.0,gaeyang,gaeyang,KOBUS 공시,KOBUS 공시
2026-10-17,사당,optimistic,06:30,49008,LH10단지,683.0,683.0,11:23,11:23,0.0,innovation,innovation,KOBUS 공시,KOBUS 공시
2026-10-17,사당,optimistic,06:30,49036,풀에버정문,683.0,683.0,11:23,11:23,0.0,innovation,innovation,KOBUS 공시,KOBUS 공시
2026-10-18,강남,strict,04:00,49008,LH10단지,658.5,544.5,10:59,09:05,114.0,innovation,innovation,KOBUS 공시,KOBUS 공시
2026-10-18,강남,strict,04:00,49036,풀에버정문,658.5,544.5,10:59,09:05,114.0,innovation,innovation,KOBUS 공시,KOBUS 공시
2026-10-18,강남,strict,04:30,49008,LH10단지,658.5,658.5,10:59,10:59,0.0,innovation,innovation,KOBUS 공시,KOBUS 공시
2026-10-18,강남,strict,04:30,49036,풀에버정문,658.5,658.5,10:59,10:59,0.0,innovation,innovation,KOBUS 공시,KOBUS 공시
2026-10-18,강남,strict,05:00,49008,LH10단지,658.5,658.5,10:59,10:59,0.0,innovation,innovation,KOBUS 공시,KOBUS 공시
2026-10-18,강남,strict,05:00,49036,풀에버정문,658.5,658.5,10:59,10:59,0.0,innovation,innovation,KOBUS 공시,KOBUS 공시
2026-10-18,강남,strict,05:30,49008,LH10단지,658.5,658.5,10:59,10:59,0.0,innovation,innovation,KOBUS 공시,KOBUS 공시
2026-10-18,강남,strict,05:30,49036,풀에버정문,658.5,658.5,10:59,10:59,0.0,innovation,innovation,KOBUS 공시,KOBUS 공시
2026-10-18,강남,strict,06:00,49008,LH10단지,658.5,658.5,10:59,10:59,0.0,innovation,innovation,KOBUS 공시,KOBUS 공시
2026-10-18,강남,strict,06:00,49036,풀에버정문,658.5,658.5,10:59,10:59,0.0,innovation,innovation,KOBUS 공시,KOBUS 공시
2026-10-18,강남,strict,06:30,49008,LH10단지,678.5,678.5,11:19,11:19,0.0,rail,rail,KTX-산천 382,KTX-산천 382
2026-10-18,강남,strict,06:30,49036,풀에버정문,678.5,678.5,11:19,11:19,0.0,rail,rail,KTX-산천 382,KTX-산천 382
2026-10-18,강남,matched,04:00,49008,LH10단지,658.5,544.5,10:59,09:05,114.0,innovation,innovation,KOBUS 공시,KOBUS 공시
2026-10-18,강남,matched,04:00,49036,풀에버정문,658.5,544.5,10:59,09:05,114.0,innovation,innovation,KOBUS 공시,KOBUS 공시
2026-10-18,강남,matched,04:30,49008,LH10단지,658.5,658.5,10:59,10:59,0.0,innovation,innovation,KOBUS 공시,KOBUS 공시
2026-10-18,강남,matched,04:30,49036,풀에버정문,658.5,658.5,10:59,10:59,0.0,innovation,innovation,KOBUS 공시,KOBUS 공시
2026-10-18,강남,matched,05:00,49008,LH10단지,658.5,658.5,10:59,10:59,0.0,innovation,innovation,KOBUS 공시,KOBUS 공시
2026-10-18,강남,matched,05:00,49036,풀에버정문,658.5,658.5,10:59,10:59,0.0,innovation,innovation,KOBUS 공시,KOBUS 공시
2026-10-18,강남,matched,05:30,49008,LH10단지,658.5,658.5,10:59,10:59,0.0,innovation,innovation,KOBUS 공시,KOBUS 공시
2026-10-18,강남,matched,05:30,49036,풀에버정문,658.5,658.5,10:59,10:59,0.0,innovation,innovation,KOBUS 공시,KOBUS 공시
2026-10-18,강남,matched,06:00,49008,LH10단지,658.5,658.5,10:59,10:59,0.0,innovation,innovation,KOBUS 공시,KOBUS 공시
2026-10-18,강남,matched,06:00,49036,풀에버정문,658.5,658.5,10:59,10:59,0.0,innovation,innovation,KOBUS 공시,KOBUS 공시
2026-10-18,강남,matched,06:30,49008,LH10단지,678.5,678.5,11:19,11:19,0.0,rail,rail,KTX-산천 382,KTX-산천 382
2026-10-18,강남,matched,06:30,49036,풀에버정문,678.5,678.5,11:19,11:19,0.0,rail,rail,KTX-산천 382,KTX-산천 382
2026-10-18,강남,optimistic,04:00,49008,LH10단지,658.5,544.5,10:59,09:05,114.0,innovation,innovation,KOBUS 공시,KOBUS 공시
2026-10-18,강남,optimistic,04:00,49036,풀에버정문,658.5,544.5,10:59,09:05,114.0,innovation,innovation,KOBUS 공시,KOBUS 공시
2026-10-18,강남,optimistic,04:30,49008,LH10단지,658.5,658.5,10:59,10:59,0.0,innovation,innovation,KOBUS 공시,KOBUS 공시
2026-10-18,강남,optimistic,04:30,49036,풀에버정문,658.5,658.5,10:59,10:59,0.0,innovation,innovation,KOBUS 공시,KOBUS 공시
2026-10-18,강남,optimistic,05:00,49008,LH10단지,658.5,658.5,10:59,10:59,0.0,innovation,innovation,KOBUS 공시,KOBUS 공시
2026-10-18,강남,optimistic,05:00,49036,풀에버정문,658.5,658.5,10:59,10:59,0.0,innovation,innovation,KOBUS 공시,KOBUS 공시
2026-10-18,강남,optimistic,05:30,49008,LH10단지,658.5,658.5,10:59,10:59,0.0,innovation,innovation,KOBUS 공시,KOBUS 공시
2026-10-18,강남,optimistic,05:30,49036,풀에버정문,658.5,658.5,10:59,10:59,0.0,innovation,innovation,KOBUS 공시,KOBUS 공시
2026-10-18,강남,optimistic,06:00,49008,LH10단지,658.5,658.5,10:59,10:59,0.0,innovation,innovation,KOBUS 공시,KOBUS 공시
2026-10-18,강남,optimistic,06:00,49036,풀에버정문,658.5,658.5,10:59,10:59,0.0,innovation,innovation,KOBUS 공시,KOBUS 공시
2026-10-18,강남,optimistic,06:30,49008,LH10단지,678.5,678.5,11:19,11:19,0.0,rail,rail,KTX-산천 382,KTX-산천 382
2026-10-18,강남,optimistic,06:30,49036,풀에버정문,678.5,678.5,11:19,11:19,0.0,rail,rail,KTX-산천 382,KTX-산천 382
2026-10-18,서울역,strict,04:00,49008,LH10단지,675.5,567.5,11:16,09:28,108.0,innovation,innovation,KOBUS 공시,KOBUS 공시
2026-10-18,서울역,strict,04:00,49036,풀에버정문,675.5,567.5,11:16,09:28,108.0,innovation,innovation,KOBUS 공시,KOBUS 공시
2026-10-18,서울역,strict,04:30,49008,LH10단지,675.5,675.5,11:16,11:16,0.0,innovation,innovation,KOBUS 공시,KOBUS 공시
2026-10-18,서울역,strict,04:30,49036,풀에버정문,675.5,675.5,11:16,11:16,0.0,innovation,innovation,KOBUS 공시,KOBUS 공시
2026-10-18,서울역,strict,05:00,49008,LH10단지,675.5,675.5,11:16,11:16,0.0,innovation,innovation,KOBUS 공시,KOBUS 공시
2026-10-18,서울역,strict,05:00,49036,풀에버정문,675.5,675.5,11:16,11:16,0.0,innovation,innovation,KOBUS 공시,KOBUS 공시
2026-10-18,서울역,strict,05:30,49008,LH10단지,675.5,675.5,11:16,11:16,0.0,innovation,innovation,KOBUS 공시,KOBUS 공시
2026-10-18,서울역,strict,05:30,49036,풀에버정문,675.5,675.5,11:16,11:16,0.0,innovation,innovation,KOBUS 공시,KOBUS 공시
2026-10-18,서울역,strict,06:00,49008,LH10단지,675.5,675.5,11:16,11:16,0.0,innovation,innovation,KOBUS 공시,KOBUS 공시
2026-10-18,서울역,strict,06:00,49036,풀에버정문,675.5,675.5,11:16,11:16,0.0,innovation,innovation,KOBUS 공시,KOBUS 공시
2026-10-18,서울역,strict,06:30,49008,LH10단지,699.5,699.5,11:40,11:40,0.0,gaeyang,gaeyang,KOBUS 공시,KOBUS 공시
2026-10-18,서울역,strict,06:30,49036,풀에버정문,699.5,699.5,11:40,11:40,0.0,gaeyang,gaeyang,KOBUS 공시,KOBUS 공시
2026-10-18,서울역,matched,04:00,49008,LH10단지,675.5,567.5,11:16,09:28,108.0,innovation,innovation,KOBUS 공시,KOBUS 공시
2026-10-18,서울역,matched,04:00,49036,풀에버정문,675.5,567.5,11:16,09:28,108.0,innovation,innovation,KOBUS 공시,KOBUS 공시
2026-10-18,서울역,matched,04:30,49008,LH10단지,675.5,675.5,11:16,11:16,0.0,innovation,innovation,KOBUS 공시,KOBUS 공시
2026-10-18,서울역,matched,04:30,49036,풀에버정문,675.5,675.5,11:16,11:16,0.0,innovation,innovation,KOBUS 공시,KOBUS 공시
2026-10-18,서울역,matched,05:00,49008,LH10단지,675.5,675.5,11:16,11:16,0.0,innovation,innovation,KOBUS 공시,KOBUS 공시
2026-10-18,서울역,matched,05:00,49036,풀에버정문,675.5,675.5,11:16,11:16,0.0,innovation,innovation,KOBUS 공시,KOBUS 공시
2026-10-18,서울역,matched,05:30,49008,LH10단지,675.5,675.5,11:16,11:16,0.0,innovation,innovation,KOBUS 공시,KOBUS 공시
2026-10-18,서울역,matched,05:30,49036,풀에버정문,675.5,675.5,11:16,11:16,0.0,innovation,innovation,KOBUS 공시,KOBUS 공시
2026-10-18,서울역,matched,06:00,49008,LH10단지,675.5,675.5,11:16,11:16,0.0,innovation,innovation,KOBUS 공시,KOBUS 공시
2026-10-18,서울역,matched,06:00,49036,풀에버정문,675.5,675.5,11:16,11:16,0.0,innovation,innovation,KOBUS 공시,KOBUS 공시
2026-10-18,서울역,matched,06:30,49008,LH10단지,699.5,699.5,11:40,11:40,0.0,gaeyang,gaeyang,KOBUS 공시,KOBUS 공시
2026-10-18,서울역,matched,06:30,49036,풀에버정문,699.5,699.5,11:40,11:40,0.0,gaeyang,gaeyang,KOBUS 공시,KOBUS 공시
2026-10-18,서울역,optimistic,04:00,49008,LH10단지,675.5,567.5,11:16,09:28,108.0,innovation,innovation,KOBUS 공시,KOBUS 공시
2026-10-18,서울역,optimistic,04:00,49036,풀에버정문,675.5,567.5,11:16,09:28,108.0,innovation,innovation,KOBUS 공시,KOBUS 공시
2026-10-18,서울역,optimistic,04:30,49008,LH10단지,675.5,675.5,11:16,11:16,0.0,innovation,innovation,KOBUS 공시,KOBUS 공시
2026-10-18,서울역,optimistic,04:30,49036,풀에버정문,675.5,675.5,11:16,11:16,0.0,innovation,innovation,KOBUS 공시,KOBUS 공시
2026-10-18,서울역,optimistic,05:00,49008,LH10단지,675.5,675.5,11:16,11:16,0.0,innovation,innovation,KOBUS 공시,KOBUS 공시
2026-10-18,서울역,optimistic,05:00,49036,풀에버정문,675.5,675.5,11:16,11:16,0.0,innovation,innovation,KOBUS 공시,KOBUS 공시
2026-10-18,서울역,optimistic,05:30,49008,LH10단지,675.5,675.5,11:16,11:16,0.0,innovation,innovation,KOBUS 공시,KOBUS 공시
2026-10-18,서울역,optimistic,05:30,49036,풀에버정문,675.5,675.5,11:16,11:16,0.0,innovation,innovation,KOBUS 공시,KOBUS 공시
2026-10-18,서울역,optimistic,06:00,49008,LH10단지,675.5,675.5,11:16,11:16,0.0,innovation,innovation,KOBUS 공시,KOBUS 공시
2026-10-18,서울역,optimistic,06:00,49036,풀에버정문,675.5,675.5,11:16,11:16,0.0,innovation,innovation,KOBUS 공시,KOBUS 공시
2026-10-18,서울역,optimistic,06:30,49008,LH10단지,699.5,699.5,11:40,11:40,0.0,gaeyang,gaeyang,KOBUS 공시,KOBUS 공시
2026-10-18,서울역,optimistic,06:30,49036,풀에버정문,699.5,699.5,11:40,11:40,0.0,gaeyang,gaeyang,KOBUS 공시,KOBUS 공시
2026-10-18,사당,strict,04:00,49008,LH10단지,666.0,550.5,11:06,09:11,115.5,innovation,innovation,KOBUS 공시,KOBUS 공시
2026-10-18,사당,strict,04:00,49036,풀에버정문,666.0,550.5,11:06,09:11,115.5,innovation,innovation,KOBUS 공시,KOBUS 공시
2026-10-18,사당,strict,04:30,49008,LH10단지,666.0,666.0,11:06,11:06,0.0,innovation,innovation,KOBUS 공시,KOBUS 공시
2026-10-18,사당,strict,04:30,49036,풀에버정문,666.0,666.0,11:06,11:06,0.0,innovation,innovation,KOBUS 공시,KOBUS 공시
2026-10-18,사당,strict,05:00,49008,LH10단지,666.0,666.0,11:06,11:06,0.0,innovation,innovation,KOBUS 공시,KOBUS 공시
2026-10-18,사당,strict,05:00,49036,풀에버정문,666.0,666.0,11:06,11:06,0.0,innovation,innovation,KOBUS 공시,KOBUS 공시
2026-10-18,사당,strict,05:30,49008,LH10단지,666.0,666.0,11:06,11:06,0.0,innovation,innovation,KOBUS 공시,KOBUS 공시
2026-10-18,사당,strict,05:30,49036,풀에버정문,666.0,666.0,11:06,11:06,0.0,innovation,innovation,KOBUS 공시,KOBUS 공시
2026-10-18,사당,strict,06:00,49008,LH10단지,666.0,666.0,11:06,11:06,0.0,innovation,innovation,KOBUS 공시,KOBUS 공시
2026-10-18,사당,strict,06:00,49036,풀에버정문,666.0,666.0,11:06,11:06,0.0,innovation,innovation,KOBUS 공시,KOBUS 공시
2026-10-18,사당,strict,06:30,49008,LH10단지,683.0,683.0,11:23,11:23,0.0,gaeyang,gaeyang,KOBUS 공시,KOBUS 공시
2026-10-18,사당,strict,06:30,49036,풀에버정문,683.0,683.0,11:23,11:23,0.0,gaeyang,gaeyang,KOBUS 공시,KOBUS 공시
2026-10-18,사당,matched,04:00,49008,LH10단지,666.0,550.5,11:06,09:11,115.5,innovation,innovation,KOBUS 공시,KOBUS 공시
2026-10-18,사당,matched,04:00,49036,풀에버정문,666.0,550.5,11:06,09:11,115.5,innovation,innovation,KOBUS 공시,KOBUS 공시
2026-10-18,사당,matched,04:30,49008,LH10단지,666.0,666.0,11:06,11:06,0.0,innovation,innovation,KOBUS 공시,KOBUS 공시
2026-10-18,사당,matched,04:30,49036,풀에버정문,666.0,666.0,11:06,11:06,0.0,innovation,innovation,KOBUS 공시,KOBUS 공시
2026-10-18,사당,matched,05:00,49008,LH10단지,666.0,666.0,11:06,11:06,0.0,innovation,innovation,KOBUS 공시,KOBUS 공시
2026-10-18,사당,matched,05:00,49036,풀에버정문,666.0,666.0,11:06,11:06,0.0,innovation,innovation,KOBUS 공시,KOBUS 공시
2026-10-18,사당,matched,05:30,49008,LH10단지,666.0,666.0,11:06,11:06,0.0,innovation,innovation,KOBUS 공시,KOBUS 공시
2026-10-18,사당,matched,05:30,49036,풀에버정문,666.0,666.0,11:06,11:06,0.0,innovation,innovation,KOBUS 공시,KOBUS 공시
2026-10-18,사당,matched,06:00,49008,LH10단지,666.0,666.0,11:06,11:06,0.0,innovation,innovation,KOBUS 공시,KOBUS 공시
2026-10-18,사당,matched,06:00,49036,풀에버정문,666.0,666.0,11:06,11:06,0.0,innovation,innovation,KOBUS 공시,KOBUS 공시
2026-10-18,사당,matched,06:30,49008,LH10단지,683.0,683.0,11:23,11:23,0.0,gaeyang,gaeyang,KOBUS 공시,KOBUS 공시
2026-10-18,사당,matched,06:30,49036,풀에버정문,683.0,683.0,11:23,11:23,0.0,gaeyang,gaeyang,KOBUS 공시,KOBUS 공시
2026-10-18,사당,optimistic,04:00,49008,LH10단지,666.0,550.5,11:06,09:11,115.5,innovation,innovation,KOBUS 공시,KOBUS 공시
2026-10-18,사당,optimistic,04:00,49036,풀에버정문,666.0,550.5,11:06,09:11,115.5,innovation,innovation,KOBUS 공시,KOBUS 공시
2026-10-18,사당,optimistic,04:30,49008,LH10단지,666.0,666.0,11:06,11:06,0.0,innovation,innovation,KOBUS 공시,KOBUS 공시
2026-10-18,사당,optimistic,04:30,49036,풀에버정문,666.0,666.0,11:06,11:06,0.0,innovation,innovation,KOBUS 공시,KOBUS 공시
2026-10-18,사당,optimistic,05:00,49008,LH10단지,666.0,666.0,11:06,11:06,0.0,innovation,innovation,KOBUS 공시,KOBUS 공시
2026-10-18,사당,optimistic,05:00,49036,풀에버정문,666.0,666.0,11:06,11:06,0.0,innovation,innovation,KOBUS 공시,KOBUS 공시
2026-10-18,사당,optimistic,05:30,49008,LH10단지,666.0,666.0,11:06,11:06,0.0,innovation,innovation,KOBUS 공시,KOBUS 공시
2026-10-18,사당,optimistic,05:30,49036,풀에버정문,666.0,666.0,11:06,11:06,0.0,innovation,innovation,KOBUS 공시,KOBUS 공시
2026-10-18,사당,optimistic,06:00,49008,LH10단지,666.0,666.0,11:06,11:06,0.0,innovation,innovation,KOBUS 공시,KOBUS 공시
2026-10-18,사당,optimistic,06:00,49036,풀에버정문,666.0,666.0,11:06,11:06,0.0,innovation,innovation,KOBUS 공시,KOBUS 공시
2026-10-18,사당,optimistic,06:30,49008,LH10단지,683.0,683.0,11:23,11:23,0.0,gaeyang,gaeyang,KOBUS 공시,KOBUS 공시
2026-10-18,사당,optimistic,06:30,49036,풀에버정문,683.0,683.0,11:23,11:23,0.0,gaeyang,gaeyang,KOBUS 공시,KOBUS 공시
