date,target,origin_id,source_point,walk_minutes,distance_meters,latest_departure,latest_departure_hhmm,first_coach,arrival,arrival_hhmm,regional_fare,scope
2026-10-08,강남,49008,혁신도시엔에이치에프10단지아파트 지도 POI,28,1800,287,04:47,05:30,567.0,09:27,0,지도 지점 직보행; 이동5분·승차여유10분. 야간 보행환경·개인 보행 능력·장거리 승차권 미확인.
2026-10-08,강남,49036,한림풀에버아파트 정문,31,2000,284,04:44,05:30,567.0,09:27,0,지도 지점 직보행; 이동5분·승차여유10분. 야간 보행환경·개인 보행 능력·장거리 승차권 미확인.
2026-10-08,서울역,49008,혁신도시엔에이치에프10단지아파트 지도 POI,28,1800,287,04:47,05:30,584.0,09:44,0,지도 지점 직보행; 이동5분·승차여유10분. 야간 보행환경·개인 보행 능력·장거리 승차권 미확인.
2026-10-08,서울역,49036,한림풀에버아파트 정문,31,2000,284,04:44,05:30,584.0,09:44,0,지도 지점 직보행; 이동5분·승차여유10분. 야간 보행환경·개인 보행 능력·장거리 승차권 미확인.
2026-10-08,사당,49008,혁신도시엔에이치에프10단지아파트 지도 POI,28,1800,287,04:47,05:30,573.0,09:33,0,지도 지점 직보행; 이동5분·승차여유10분. 야간 보행환경·개인 보행 능력·장거리 승차권 미확인.
2026-10-08,사당,49036,한림풀에버아파트 정문,31,2000,284,04:44,05:30,573.0,09:33,0,지도 지점 직보행; 이동5분·승차여유10분. 야간 보행환경·개인 보행 능력·장거리 승차권 미확인.
2026-10-13,강남,49008,혁신도시엔에이치에프10단지아파트 지도 POI,28,1800,287.0,04:47,05:30,567.0,09:27,0,지도 지점 직보행; 이동5분·승차여유10분. 야간 보행환경·개인 보행 능력·장거리 승차권 미확인.
2026-10-13,강남,49036,한림풀에버아파트 정문,31,2000,284.0,04:44,05:30,567.0,09:27,0,지도 지점 직보행; 이동5분·승차여유10분. 야간 보행환경·개인 보행 능력·장거리 승차권 미확인.
2026-10-13,서울역,49008,혁신도시엔에이치에프10단지아파트 지도 POI,28,1800,287.0,04:47,05:30,584.0,09:44,0,지도 지점 직보행; 이동5분·승차여유10분. 야간 보행환경·개인 보행 능력·장거리 승차권 미확인.
2026-10-13,서울역,49036,한림풀에버아파트 정문,31,2000,284.0,04:44,05:30,584.0,09:44,0,지도 지점 직보행; 이동5분·승차여유10분. 야간 보행환경·개인 보행 능력·장거리 승차권 미확인.
2026-10-13,사당,49008,혁신도시엔에이치에프10단지아파트 지도 POI,28,1800,287.0,04:47,05:30,573.0,09:33,0,지도 지점 직보행; 이동5분·승차여유10분. 야간 보행환경·개인 보행 능력·장거리 승차권 미확인.
2026-10-13,사당,49036,한림풀에버아파트 정문,31,2000,284.0,04:44,05:30,573.0,09:33,0,지도 지점 직보행; 이동5분·승차여유10분. 야간 보행환경·개인 보행 능력·장거리 승차권 미확인.
2026-10-15,강남,49008,혁신도시엔에이치에프10단지아파트 지도 POI,28,1800,287.0,04:47,05:30,567.0,09:27,0,지도 지점 직보행; 이동5분·승차여유10분. 야간 보행환경·개인 보행 능력·장거리 승차권 미확인.
2026-10-15,강남,49036,한림풀에버아파트 정문,31,2000,284.0,04:44,05:30,567.0,09:27,0,지도 지점 직보행; 이동5분·승차여유10분. 야간 보행환경·개인 보행 능력·장거리 승차권 미확인.
2026-10-15,서울역,49008,혁신도시엔에이치에프10단지아파트 지도 POI,28,1800,287.0,04:47,05:30,584.0,09:44,0,지도 지점 직보행; 이동5분·승차여유10분. 야간 보행환경·개인 보행 능력·장거리 승차권 미확인.
2026-10-15,서울역,49036,한림풀에버아파트 정문,31,2000,284.0,04:44,05:30,584.0,09:44,0,지도 지점 직보행; 이동5분·승차여유10분. 야간 보행환경·개인 보행 능력·장거리 승차권 미확인.
2026-10-15,사당,49008,혁신도시엔에이치에프10단지아파트 지도 POI,28,1800,287.0,04:47,05:30,573.0,09:33,0,지도 지점 직보행; 이동5분·승차여유10분. 야간 보행환경·개인 보행 능력·장거리 승차권 미확인.
2026-10-15,사당,49036,한림풀에버아파트 정문,31,2000,284.0,04:44,05:30,573.0,09:33,0,지도 지점 직보행; 이동5분·승차여유10분. 야간 보행환경·개인 보행 능력·장거리 승차권 미확인.
2026-10-17,강남,49008,혁신도시엔에이치에프10단지아파트 지도 POI,28,1800,297.0,04:57,05:40,576.5,09:37,0,지도 지점 직보행; 이동5분·승차여유10분. 야간 보행환경·개인 보행 능력·장거리 승차권 미확인.
2026-10-17,강남,49036,한림풀에버아파트 정문,31,2000,294.0,04:54,05:40,576.5,09:37,0,지도 지점 직보행; 이동5분·승차여유10분. 야간 보행환경·개인 보행 능력·장거리 승차권 미확인.
2026-10-17,서울역,49008,혁신도시엔에이치에프10단지아파트 지도 POI,28,1800,297.0,04:57,05:40,597.5,09:58,0,지도 지점 직보행; 이동5분·승차여유10분. 야간 보행환경·개인 보행 능력·장거리 승차권 미확인.
2026-10-17,서울역,49036,한림풀에버아파트 정문,31,2000,294.0,04:54,05:40,597.5,09:58,0,지도 지점 직보행; 이동5분·승차여유10분. 야간 보행환경·개인 보행 능력·장거리 승차권 미확인.
2026-10-17,사당,49008,혁신도시엔에이치에프10단지아파트 지도 POI,28,1800,297.0,04:57,05:40,584.0,09:44,0,지도 지점 직보행; 이동5분·승차여유10분. 야간 보행환경·개인 보행 능력·장거리 승차권 미확인.
2026-10-17,사당,49036,한림풀에버아파트 정문,31,2000,294.0,04:54,05:40,584.0,09:44,0,지도 지점 직보행; 이동5분·승차여유10분. 야간 보행환경·개인 보행 능력·장거리 승차권 미확인.
2026-10-18,강남,49008,혁신도시엔에이치에프10단지아파트 지도 POI,28,1800,267.0,04:27,05:10,544.5,09:05,0,지도 지점 직보행; 이동5분·승차여유10분. 야간 보행환경·개인 보행 능력·장거리 승차권 미확인.
2026-10-18,강남,49036,한림풀에버아파트 정문,31,2000,264.0,04:24,05:10,544.5,09:05,0,지도 지점 직보행; 이동5분·승차여유10분. 야간 보행환경·개인 보행 능력·장거리 승차권 미확인.
2026-10-18,서울역,49008,혁신도시엔에이치에프10단지아파트 지도 POI,28,1800,267.0,04:27,05:10,567.5,09:28,0,지도 지점 직보행; 이동5분·승차여유10분. 야간 보행환경·개인 보행 능력·장거리 승차권 미확인.
2026-10-18,서울역,49036,한림풀에버아파트 정문,31,2000,264.0,04:24,05:10,567.5,09:28,0,지도 지점 직보행; 이동5분·승차여유10분. 야간 보행환경·개인 보행 능력·장거리 승차권 미확인.
2026-10-18,사당,49008,혁신도시엔에이치에프10단지아파트 지도 POI,28,1800,267.0,04:27,05:10,550.5,09:11,0,지도 지점 직보행; 이동5분·승차여유10분. 야간 보행환경·개인 보행 능력·장거리 승차권 미확인.
2026-10-18,사당,49036,한림풀에버아파트 정문,31,2000,264.0,04:24,05:10,550.5,09:11,0,지도 지점 직보행; 이동5분·승차여유10분. 야간 보행환경·개인 보행 능력·장거리 승차권 미확인.
