date,target,origin_id,origin,zone,baseline,feeder,advance,optimistic_baseline,strict_baseline
2026-10-08,강남,49018,센텀리버파크,혁신,09:27,09:27,0.0,09:27,09:27
2026-10-08,강남,49008,LH10단지,혁신,11:00,09:27,93.0,11:00,11:00
2026-10-08,강남,49036,풀에버정문,혁신,11:00,09:27,93.0,11:00,11:00
2026-10-08,강남,49022,LH3/LH5단지,혁신,09:27,09:27,0.0,09:27,09:27
2026-10-08,강남,41001,퀸즈웰가,서부,10:08,10:08,0.0,10:08,10:08
2026-10-08,강남,46007,판문현대,서부,10:08,10:08,0.0,10:08,10:08
2026-10-08,강남,41005,휴먼시아4단지,서부,10:08,10:08,0.0,10:08,10:08
2026-10-08,강남,42001,신안주공,서부,10:08,10:08,0.0,10:08,10:08
2026-10-08,강남,34019,상봉주공2차아파트,북부,11:12,11:12,0.0,11:12,11:12
2026-10-08,강남,44006,이현주공아파트,북부,10:39,10:39,0.0,10:39,11:00
2026-10-08,강남,39036,초전푸르지오,북부,10:39,10:39,0.0,10:39,10:39
2026-10-08,강남,39033,힐스테이트초전,북부,10:39,10:39,0.0,10:39,10:39
2026-10-08,강남,35010,상대한보아파트,동부,10:39,10:39,0.0,10:39,10:39
2026-10-08,강남,36008,상대주공아파트,동부,10:39,10:39,0.0,10:39,10:39
2026-10-08,강남,36017,삼전아파트,동부,10:39,10:39,0.0,10:39,10:39
2026-10-08,강남,37004,동일스위트아파트,동부,11:00,11:00,0.0,11:00,11:12
2026-10-08,강남,47013,가좌주공아파트,남부,08:36,08:36,0.0,08:36,08:36
2026-10-08,강남,47039,가좌주공3단지,남부,08:36,08:36,0.0,08:36,08:36
2026-10-08,강남,19012,금호석류/은빛한보아파트,남부,08:49,08:49,0.0,08:49,08:49
2026-10-08,강남,48011,호탄대경아파트,남부,08:36,08:36,0.0,08:36,08:36
2026-10-08,서울역,49018,센텀리버파크,혁신,09:44,09:44,0.0,09:44,09:44
2026-10-08,서울역,49008,LH10단지,혁신,11:21,09:44,96.5,11:21,11:21
2026-10-08,서울역,49036,풀에버정문,혁신,11:21,09:44,96.5,11:21,11:21
2026-10-08,서울역,49022,LH3/LH5단지,혁신,09:44,09:44,0.0,09:44,09:44
2026-10-08,서울역,41001,퀸즈웰가,서부,10:02,10:02,0,10:02,10:02
2026-10-08,서울역,46007,판문현대,서부,10:02,10:02,0,10:02,10:02
2026-10-08,서울역,41005,휴먼시아4단지,서부,10:02,10:02,0,10:02,10:02
2026-10-08,서울역,42001,신안주공,서부,10:27,10:27,0.0,10:27,10:27
2026-10-08,서울역,34019,상봉주공2차아파트,북부,11:26,11:26,0.0,11:26,11:26
2026-10-08,서울역,44006,이현주공아파트,북부,10:54,10:54,0.0,10:54,11:21
2026-10-08,서울역,39036,초전푸르지오,북부,10:54,10:54,0.0,10:54,10:54
2026-10-08,서울역,39033,힐스테이트초전,북부,10:54,10:54,0.0,10:54,10:54
2026-10-08,서울역,35010,상대한보아파트,동부,10:54,10:54,0.0,10:54,10:54
2026-10-08,서울역,36008,상대주공아파트,동부,10:54,10:54,0.0,10:54,10:54
2026-10-08,서울역,36017,삼전아파트,동부,10:54,10:54,0.0,10:54,10:54
2026-10-08,서울역,37004,동일스위트아파트,동부,11:21,11:21,0.0,11:21,11:26
2026-10-08,서울역,47013,가좌주공아파트,남부,08:55,08:55,0.0,08:55,08:55
2026-10-08,서울역,47039,가좌주공3단지,남부,08:55,08:55,0.0,08:55,08:55
2026-10-08,서울역,19012,금호석류/은빛한보아파트,남부,09:02,09:02,0.0,09:02,09:02
2026-10-08,서울역,48011,호탄대경아파트,남부,08:55,08:55,0.0,08:55,08:55
2026-10-08,사당,49018,센텀리버파크,혁신,09:33,09:33,0.0,09:33,09:33
2026-10-08,사당,49008,LH10단지,혁신,11:04,09:33,91.0,11:04,11:04
2026-10-08,사당,49036,풀에버정문,혁신,11:04,09:33,91.0,11:04,11:04
2026-10-08,사당,49022,LH3/LH5단지,혁신,09:33,09:33,0.0,09:33,09:33
2026-10-08,사당,41001,퀸즈웰가,서부,10:15,10:15,0.0,10:15,10:15
2026-10-08,사당,46007,판문현대,서부,10:15,10:15,0.0,10:15,10:15
2026-10-08,사당,41005,휴먼시아4단지,서부,10:15,10:15,0.0,10:15,10:15
2026-10-08,사당,42001,신안주공,서부,10:15,10:15,0.0,10:15,10:15
2026-10-08,사당,34019,상봉주공2차아파트,북부,11:17,11:17,0.0,11:17,11:17
2026-10-08,사당,44006,이현주공아파트,북부,10:46,10:46,0.0,10:46,11:04
2026-10-08,사당,39036,초전푸르지오,북부,10:46,10:46,0.0,10:46,10:46
2026-10-08,사당,39033,힐스테이트초전,북부,10:46,10:46,0.0,10:46,10:46
2026-10-08,사당,35010,상대한보아파트,동부,10:46,10:46,0.0,10:46,10:46
2026-10-08,사당,36008,상대주공아파트,동부,10:46,10:46,0.0,10:46,10:46
2026-10-08,사당,36017,삼전아파트,동부,10:46,10:46,0.0,10:46,10:46
2026-10-08,사당,37004,동일스위트아파트,동부,11:04,11:04,0.0,11:04,11:17
2026-10-08,사당,47013,가좌주공아파트,남부,08:41,08:41,0.0,08:41,08:41
2026-10-08,사당,47039,가좌주공3단지,남부,08:41,08:41,0.0,08:41,08:41
2026-10-08,사당,19012,금호석류/은빛한보아파트,남부,08:52,08:52,0.0,08:52,08:52
2026-10-08,사당,48011,호탄대경아파트,남부,08:41,08:41,0.0,08:41,08:41
2026-10-13,강남,49018,센텀리버파크,혁신,09:27,09:27,0.0,09:27,09:27
2026-10-13,강남,49008,LH10단지,혁신,11:00,09:27,93.0,11:00,11:00
2026-10-13,강남,49036,풀에버정문,혁신,11:00,09:27,93.0,11:00,11:00
2026-10-13,강남,49022,LH3/LH5단지,혁신,09:27,09:27,0.0,09:27,09:27
2026-10-13,강남,41001,퀸즈웰가,서부,10:08,10:08,0.0,10:08,10:08
2026-10-13,강남,46007,판문현대,서부,10:08,10:08,0.0,10:08,10:08
2026-10-13,강남,41005,휴먼시아4단지,서부,10:08,10:08,0.0,10:08,10:08
2026-10-13,강남,42001,신안주공,서부,10:08,10:08,0.0,10:08,10:08
2026-10-13,강남,34019,상봉주공2차아파트,북부,11:12,11:12,0.0,11:12,11:12
2026-10-13,강남,44006,이현주공아파트,북부,10:39,10:39,0.0,10:39,11:00
2026-10-13,강남,39036,초전푸르지오,북부,10:39,10:39,0.0,10:39,10:39
2026-10-13,강남,39033,힐스테이트초전,북부,10:39,10:39,0.0,10:39,10:39
2026-10-13,강남,35010,상대한보아파트,동부,10:39,10:39,0.0,10:39,10:39
2026-10-13,강남,36008,상대주공아파트,동부,10:39,10:39,0.0,10:39,10:39
2026-10-13,강남,36017,삼전아파트,동부,10:39,10:39,0.0,10:39,10:39
2026-10-13,강남,37004,동일스위트아파트,동부,11:00,11:00,0.0,11:00,11:12
2026-10-13,강남,47013,가좌주공아파트,남부,08:36,08:36,0.0,08:36,08:36
2026-10-13,강남,47039,가좌주공3단지,남부,08:36,08:36,0.0,08:36,08:36
2026-10-13,강남,19012,금호석류/은빛한보아파트,남부,08:49,08:49,0.0,08:49,08:49
2026-10-13,강남,48011,호탄대경아파트,남부,08:36,08:36,0.0,08:36,08:36
2026-10-13,서울역,49018,센텀리버파크,혁신,09:44,09:44,0.0,09:44,09:44
2026-10-13,서울역,49008,LH10단지,혁신,11:21,09:44,96.5,11:21,11:21
2026-10-13,서울역,49036,풀에버정문,혁신,11:21,09:44,96.5,11:21,11:21
2026-10-13,서울역,49022,LH3/LH5단지,혁신,09:44,09:44,0.0,09:44,09:44
2026-10-13,서울역,41001,퀸즈웰가,서부,10:02,10:02,0,10:02,10:02
2026-10-13,서울역,46007,판문현대,서부,10:02,10:02,0,10:02,10:02
2026-10-13,서울역,41005,휴먼시아4단지,서부,10:02,10:02,0,10:02,10:02
2026-10-13,서울역,42001,신안주공,서부,10:27,10:27,0.0,10:27,10:27
2026-10-13,서울역,34019,상봉주공2차아파트,북부,11:26,11:26,0.0,11:26,11:26
2026-10-13,서울역,44006,이현주공아파트,북부,10:54,10:54,0.0,10:54,11:21
2026-10-13,서울역,39036,초전푸르지오,북부,10:54,10:54,0.0,10:54,10:54
2026-10-13,서울역,39033,힐스테이트초전,북부,10:54,10:54,0.0,10:54,10:54
2026-10-13,서울역,35010,상대한보아파트,동부,10:54,10:54,0.0,10:54,10:54
2026-10-13,서울역,36008,상대주공아파트,동부,10:54,10:54,0.0,10:54,10:54
2026-10-13,서울역,36017,삼전아파트,동부,10:54,10:54,0.0,10:54,10:54
2026-10-13,서울역,37004,동일스위트아파트,동부,11:21,11:21,0.0,11:21,11:26
2026-10-13,서울역,47013,가좌주공아파트,남부,08:55,08:55,0.0,08:55,08:55
2026-10-13,서울역,47039,가좌주공3단지,남부,08:55,08:55,0.0,08:55,08:55
2026-10-13,서울역,19012,금호석류/은빛한보아파트,남부,09:02,09:02,0.0,09:02,09:02
2026-10-13,서울역,48011,호탄대경아파트,남부,08:55,08:55,0.0,08:55,08:55
2026-10-13,사당,49018,센텀리버파크,혁신,09:33,09:33,0.0,09:33,09:33
2026-10-13,사당,49008,LH10단지,혁신,11:04,09:33,91.0,11:04,11:04
2026-10-13,사당,49036,풀에버정문,혁신,11:04,09:33,91.0,11:04,11:04
2026-10-13,사당,49022,LH3/LH5단지,혁신,09:33,09:33,0.0,09:33,09:33
2026-10-13,사당,41001,퀸즈웰가,서부,10:15,10:15,0.0,10:15,10:15
2026-10-13,사당,46007,판문현대,서부,10:15,10:15,0.0,10:15,10:15
2026-10-13,사당,41005,휴먼시아4단지,서부,10:15,10:15,0.0,10:15,10:15
2026-10-13,사당,42001,신안주공,서부,10:15,10:15,0.0,10:15,10:15
2026-10-13,사당,34019,상봉주공2차아파트,북부,11:17,11:17,0.0,11:17,11:17
2026-10-13,사당,44006,이현주공아파트,북부,10:46,10:46,0.0,10:46,11:04
2026-10-13,사당,39036,초전푸르지오,북부,10:46,10:46,0.0,10:46,10:46
2026-10-13,사당,39033,힐스테이트초전,북부,10:46,10:46,0.0,10:46,10:46
2026-10-13,사당,35010,상대한보아파트,동부,10:46,10:46,0.0,10:46,10:46
2026-10-13,사당,36008,상대주공아파트,동부,10:46,10:46,0.0,10:46,10:46
2026-10-13,사당,36017,삼전아파트,동부,10:46,10:46,0.0,10:46,10:46
2026-10-13,사당,37004,동일스위트아파트,동부,11:04,11:04,0.0,11:04,11:17
2026-10-13,사당,47013,가좌주공아파트,남부,08:41,08:41,0.0,08:41,08:41
2026-10-13,사당,47039,가좌주공3단지,남부,08:41,08:41,0.0,08:41,08:41
2026-10-13,사당,19012,금호석류/은빛한보아파트,남부,08:52,08:52,0.0,08:52,08:52
2026-10-13,사당,48011,호탄대경아파트,남부,08:41,08:41,0.0,08:41,08:41
2026-10-15,강남,49018,센텀리버파크,혁신,09:27,09:27,0.0,09:27,09:27
2026-10-15,강남,49008,LH10단지,혁신,11:00,09:27,93.0,11:00,11:00
2026-10-15,강남,49036,풀에버정문,혁신,11:00,09:27,93.0,11:00,11:00
2026-10-15,강남,49022,LH3/LH5단지,혁신,09:27,09:27,0.0,09:27,09:27
2026-10-15,강남,41001,퀸즈웰가,서부,10:08,10:08,0.0,10:08,10:08
2026-10-15,강남,46007,판문현대,서부,10:08,10:08,0.0,10:08,10:08
2026-10-15,강남,41005,휴먼시아4단지,서부,10:08,10:08,0.0,10:08,10:08
2026-10-15,강남,42001,신안주공,서부,10:08,10:08,0.0,10:08,10:08
2026-10-15,강남,34019,상봉주공2차아파트,북부,11:12,11:12,0.0,11:12,11:12
2026-10-15,강남,44006,이현주공아파트,북부,10:39,10:39,0.0,10:39,11:00
2026-10-15,강남,39036,초전푸르지오,북부,10:39,10:39,0.0,10:39,10:39
2026-10-15,강남,39033,힐스테이트초전,북부,10:39,10:39,0.0,10:39,10:39
2026-10-15,강남,35010,상대한보아파트,동부,10:39,10:39,0.0,10:39,10:39
2026-10-15,강남,36008,상대주공아파트,동부,10:39,10:39,0.0,10:39,10:39
2026-10-15,강남,36017,삼전아파트,동부,10:39,10:39,0.0,10:39,10:39
2026-10-15,강남,37004,동일스위트아파트,동부,11:00,11:00,0.0,11:00,11:12
2026-10-15,강남,47013,가좌주공아파트,남부,08:36,08:36,0.0,08:36,08:36
2026-10-15,강남,47039,가좌주공3단지,남부,08:36,08:36,0.0,08:36,08:36
2026-10-15,강남,19012,금호석류/은빛한보아파트,남부,08:49,08:49,0.0,08:49,08:49
2026-10-15,강남,48011,호탄대경아파트,남부,08:36,08:36,0.0,08:36,08:36
2026-10-15,서울역,49018,센텀리버파크,혁신,09:44,09:44,0.0,09:44,09:44
2026-10-15,서울역,49008,LH10단지,혁신,11:21,09:44,96.5,11:21,11:21
2026-10-15,서울역,49036,풀에버정문,혁신,11:21,09:44,96.5,11:21,11:21
2026-10-15,서울역,49022,LH3/LH5단지,혁신,09:44,09:44,0.0,09:44,09:44
2026-10-15,서울역,41001,퀸즈웰가,서부,10:02,10:02,0,10:02,10:02
2026-10-15,서울역,46007,판문현대,서부,10:02,10:02,0,10:02,10:02
2026-10-15,서울역,41005,휴먼시아4단지,서부,10:02,10:02,0,10:02,10:02
2026-10-15,서울역,42001,신안주공,서부,10:27,10:27,0.0,10:27,10:27
2026-10-15,서울역,34019,상봉주공2차아파트,북부,11:26,11:26,0.0,11:26,11:26
2026-10-15,서울역,44006,이현주공아파트,북부,10:54,10:54,0.0,10:54,11:21
2026-10-15,서울역,39036,초전푸르지오,북부,10:54,10:54,0.0,10:54,10:54
2026-10-15,서울역,39033,힐스테이트초전,북부,10:54,10:54,0.0,10:54,10:54
2026-10-15,서울역,35010,상대한보아파트,동부,10:54,10:54,0.0,10:54,10:54
2026-10-15,서울역,36008,상대주공아파트,동부,10:54,10:54,0.0,10:54,10:54
2026-10-15,서울역,36017,삼전아파트,동부,10:54,10:54,0.0,10:54,10:54
2026-10-15,서울역,37004,동일스위트아파트,동부,11:21,11:21,0.0,11:21,11:26
2026-10-15,서울역,47013,가좌주공아파트,남부,08:55,08:55,0.0,08:55,08:55
2026-10-15,서울역,47039,가좌주공3단지,남부,08:55,08:55,0.0,08:55,08:55
2026-10-15,서울역,19012,금호석류/은빛한보아파트,남부,09:02,09:02,0.0,09:02,09:02
2026-10-15,서울역,48011,호탄대경아파트,남부,08:55,08:55,0.0,08:55,08:55
2026-10-15,사당,49018,센텀리버파크,혁신,09:33,09:33,0.0,09:33,09:33
2026-10-15,사당,49008,LH10단지,혁신,11:04,09:33,91.0,11:04,11:04
2026-10-15,사당,49036,풀에버정문,혁신,11:04,09:33,91.0,11:04,11:04
2026-10-15,사당,49022,LH3/LH5단지,혁신,09:33,09:33,0.0,09:33,09:33
2026-10-15,사당,41001,퀸즈웰가,서부,10:15,10:15,0.0,10:15,10:15
2026-10-15,사당,46007,판문현대,서부,10:15,10:15,0.0,10:15,10:15
2026-10-15,사당,41005,휴먼시아4단지,서부,10:15,10:15,0.0,10:15,10:15
2026-10-15,사당,42001,신안주공,서부,10:15,10:15,0.0,10:15,10:15
2026-10-15,사당,34019,상봉주공2차아파트,북부,11:17,11:17,0.0,11:17,11:17
2026-10-15,사당,44006,이현주공아파트,북부,10:46,10:46,0.0,10:46,11:04
2026-10-15,사당,39036,초전푸르지오,북부,10:46,10:46,0.0,10:46,10:46
2026-10-15,사당,39033,힐스테이트초전,북부,10:46,10:46,0.0,10:46,10:46
2026-10-15,사당,35010,상대한보아파트,동부,10:46,10:46,0.0,10:46,10:46
2026-10-15,사당,36008,상대주공아파트,동부,10:46,10:46,0.0,10:46,10:46
2026-10-15,사당,36017,삼전아파트,동부,10:46,10:46,0.0,10:46,10:46
2026-10-15,사당,37004,동일스위트아파트,동부,11:04,11:04,0.0,11:04,11:17
2026-10-15,사당,47013,가좌주공아파트,남부,08:41,08:41,0.0,08:41,08:41
2026-10-15,사당,47039,가좌주공3단지,남부,08:41,08:41,0.0,08:41,08:41
2026-10-15,사당,19012,금호석류/은빛한보아파트,남부,08:52,08:52,0.0,08:52,08:52
2026-10-15,사당,48011,호탄대경아파트,남부,08:41,08:41,0.0,08:41,08:41
2026-10-17,강남,49018,센텀리버파크,혁신,09:37,09:37,0.0,09:37,09:37
2026-10-17,강남,49008,LH10단지,혁신,10:59,09:37,82.0,10:59,11:19
2026-10-17,강남,49036,풀에버정문,혁신,11:19,09:37,102.0,10:59,11:19
2026-10-17,강남,49022,LH3/LH5단지,혁신,09:37,09:37,0.0,09:37,09:37
2026-10-17,강남,41001,퀸즈웰가,서부,10:11,10:11,0.0,10:11,10:11
2026-10-17,강남,46007,판문현대,서부,10:11,10:11,0.0,10:11,10:11
2026-10-17,강남,41005,휴먼시아4단지,서부,10:11,10:11,0.0,10:11,10:11
2026-10-17,강남,42001,신안주공,서부,10:11,10:11,0.0,10:11,10:11
2026-10-17,강남,34019,상봉주공2차아파트,북부,11:09,11:09,0.0,11:09,11:09
2026-10-17,강남,44006,이현주공아파트,북부,10:39,10:39,0.0,10:39,10:59
2026-10-17,강남,39036,초전푸르지오,북부,10:39,10:39,0.0,10:39,10:39
2026-10-17,강남,39033,힐스테이트초전,북부,10:39,10:39,0.0,10:39,10:39
2026-10-17,강남,35010,상대한보아파트,동부,10:39,10:39,0.0,10:39,10:39
2026-10-17,강남,36008,상대주공아파트,동부,10:39,10:39,0.0,10:39,10:39
2026-10-17,강남,36017,삼전아파트,동부,10:59,10:59,0.0,10:59,10:59
2026-10-17,강남,37004,동일스위트아파트,동부,11:09,11:09,0.0,10:59,11:09
2026-10-17,강남,47013,가좌주공아파트,남부,08:41,08:41,0.0,08:41,08:41
2026-10-17,강남,47039,가좌주공3단지,남부,08:41,08:41,0.0,08:41,08:41
2026-10-17,강남,19012,금호석류/은빛한보아파트,남부,08:53,08:53,0.0,08:53,08:53
2026-10-17,강남,48011,호탄대경아파트,남부,08:41,08:41,0.0,08:41,08:41
2026-10-17,서울역,49018,센텀리버파크,혁신,09:58,09:58,0.0,09:58,09:58
2026-10-17,서울역,49008,LH10단지,혁신,11:16,09:58,78.0,11:16,11:40
2026-10-17,서울역,49036,풀에버정문,혁신,11:40,09:58,102.0,11:16,11:40
2026-10-17,서울역,49022,LH3/LH5단지,혁신,09:58,09:58,0.0,09:58,09:58
2026-10-17,서울역,41001,퀸즈웰가,서부,10:02,10:02,0.0,10:02,10:02
2026-10-17,서울역,46007,판문현대,서부,10:02,10:02,0.0,10:02,10:02
2026-10-17,서울역,41005,휴먼시아4단지,서부,10:02,10:02,0.0,10:02,10:02
2026-10-17,서울역,42001,신안주공,서부,10:28,10:28,0.0,10:28,10:28
2026-10-17,서울역,34019,상봉주공2차아파트,북부,11:28,11:28,0.0,11:28,11:28
2026-10-17,서울역,44006,이현주공아파트,북부,10:58,10:58,0.0,10:58,11:16
2026-10-17,서울역,39036,초전푸르지오,북부,10:58,10:58,0.0,10:58,10:58
2026-10-17,서울역,39033,힐스테이트초전,북부,10:58,10:58,0.0,10:58,10:58
2026-10-17,서울역,35010,상대한보아파트,동부,10:58,10:58,0.0,10:58,10:58
2026-10-17,서울역,36008,상대주공아파트,동부,10:58,10:58,0.0,10:58,10:58
2026-10-17,서울역,36017,삼전아파트,동부,11:16,11:16,0.0,11:16,11:16
2026-10-17,서울역,37004,동일스위트아파트,동부,11:28,11:28,0.0,11:16,11:28
2026-10-17,서울역,47013,가좌주공아파트,남부,08:58,08:58,0.0,08:58,08:58
2026-10-17,서울역,47039,가좌주공3단지,남부,08:58,08:58,0.0,08:58,08:58
2026-10-17,서울역,19012,금호석류/은빛한보아파트,남부,09:10,09:10,0.0,09:10,09:10
2026-10-17,서울역,48011,호탄대경아파트,남부,08:58,08:58,0.0,08:58,08:58
2026-10-17,사당,49018,센텀리버파크,혁신,09:44,09:44,0.0,09:44,09:44
2026-10-17,사당,49008,LH10단지,혁신,11:06,09:44,82.0,11:06,11:23
2026-10-17,사당,49036,풀에버정문,혁신,11:23,09:44,99.0,11:06,11:23
2026-10-17,사당,49022,LH3/LH5단지,혁신,09:44,09:44,0.0,09:44,09:44
2026-10-17,사당,41001,퀸즈웰가,서부,10:16,10:16,0.0,10:16,10:16
2026-10-17,사당,46007,판문현대,서부,10:16,10:16,0.0,10:16,10:16
2026-10-17,사당,41005,휴먼시아4단지,서부,10:16,10:16,0.0,10:16,10:16
2026-10-17,사당,42001,신안주공,서부,10:16,10:16,0.0,10:16,10:16
2026-10-17,사당,34019,상봉주공2차아파트,북부,11:10,11:10,0.0,11:10,11:10
2026-10-17,사당,44006,이현주공아파트,북부,10:40,10:40,0.0,10:40,11:06
2026-10-17,사당,39036,초전푸르지오,북부,10:40,10:40,0.0,10:40,10:40
2026-10-17,사당,39033,힐스테이트초전,북부,10:40,10:40,0.0,10:40,10:40
2026-10-17,사당,35010,상대한보아파트,동부,10:40,10:40,0.0,10:40,10:40
2026-10-17,사당,36008,상대주공아파트,동부,10:40,10:40,0.0,10:40,10:40
2026-10-17,사당,36017,삼전아파트,동부,11:06,11:06,0.0,11:06,11:06
2026-10-17,사당,37004,동일스위트아파트,동부,11:10,11:10,0.0,11:06,11:10
2026-10-17,사당,47013,가좌주공아파트,남부,08:43,08:43,0.0,08:43,08:43
2026-10-17,사당,47039,가좌주공3단지,남부,08:43,08:43,0.0,08:43,08:43
2026-10-17,사당,19012,금호석류/은빛한보아파트,남부,08:54,08:54,0.0,08:54,08:54
2026-10-17,사당,48011,호탄대경아파트,남부,08:43,08:43,0.0,08:43,08:43
2026-10-18,강남,49018,센텀리버파크,혁신,09:05,09:05,0.0,09:05,09:05
2026-10-18,강남,49008,LH10단지,혁신,10:59,09:05,114.0,10:59,10:59
2026-10-18,강남,49036,풀에버정문,혁신,10:59,09:05,114.0,10:59,10:59
2026-10-18,강남,49022,LH3/LH5단지,혁신,09:05,09:05,0.0,09:05,09:05
2026-10-18,강남,41001,퀸즈웰가,서부,10:11,10:11,0.0,10:11,10:11
2026-10-18,강남,46007,판문현대,서부,10:11,10:11,0.0,10:11,10:11
2026-10-18,강남,41005,휴먼시아4단지,서부,10:11,10:11,0.0,10:11,10:11
2026-10-18,강남,42001,신안주공,서부,10:11,10:11,0.0,10:11,10:11
2026-10-18,강남,34019,상봉주공2차아파트,북부,11:09,11:09,0.0,11:09,11:09
2026-10-18,강남,44006,이현주공아파트,북부,10:39,10:39,0.0,10:39,10:59
2026-10-18,강남,39036,초전푸르지오,북부,10:39,10:39,0.0,10:39,10:39
2026-10-18,강남,39033,힐스테이트초전,북부,10:39,10:39,0.0,10:39,10:39
2026-10-18,강남,35010,상대한보아파트,동부,10:39,10:39,0.0,10:39,10:39
2026-10-18,강남,36008,상대주공아파트,동부,10:39,10:39,0.0,10:39,10:39
2026-10-18,강남,36017,삼전아파트,동부,10:59,10:59,0.0,10:59,10:59
2026-10-18,강남,37004,동일스위트아파트,동부,10:59,10:59,0.0,10:59,11:09
2026-10-18,강남,47013,가좌주공아파트,남부,08:41,08:41,0.0,08:41,08:41
2026-10-18,강남,47039,가좌주공3단지,남부,08:41,08:41,0.0,08:41,08:41
2026-10-18,강남,19012,금호석류/은빛한보아파트,남부,08:53,08:53,0.0,08:53,08:53
2026-10-18,강남,48011,호탄대경아파트,남부,08:41,08:41,0.0,08:41,08:41
2026-10-18,서울역,49018,센텀리버파크,혁신,09:28,09:28,0.0,09:28,09:28
2026-10-18,서울역,49008,LH10단지,혁신,11:16,09:28,108.0,11:16,11:16
2026-10-18,서울역,49036,풀에버정문,혁신,11:16,09:28,108.0,11:16,11:16
2026-10-18,서울역,49022,LH3/LH5단지,혁신,09:28,09:28,0.0,09:28,09:28
2026-10-18,서울역,41001,퀸즈웰가,서부,10:02,10:02,0.0,10:02,10:02
2026-10-18,서울역,46007,판문현대,서부,10:02,10:02,0.0,10:02,10:02
2026-10-18,서울역,41005,휴먼시아4단지,서부,10:02,10:02,0.0,10:02,10:02
2026-10-18,서울역,42001,신안주공,서부,10:28,10:28,0.0,10:28,10:28
2026-10-18,서울역,34019,상봉주공2차아파트,북부,11:28,11:28,0.0,11:28,11:28
2026-10-18,서울역,44006,이현주공아파트,북부,10:58,10:58,0.0,10:58,11:16
2026-10-18,서울역,39036,초전푸르지오,북부,10:58,10:58,0.0,10:58,10:58
2026-10-18,서울역,39033,힐스테이트초전,북부,10:58,10:58,0.0,10:58,10:58
2026-10-18,서울역,35010,상대한보아파트,동부,10:58,10:58,0.0,10:58,10:58
2026-10-18,서울역,36008,상대주공아파트,동부,10:58,10:58,0.0,10:58,10:58
2026-10-18,서울역,36017,삼전아파트,동부,11:16,11:16,0.0,11:16,11:16
2026-10-18,서울역,37004,동일스위트아파트,동부,11:16,11:16,0.0,11:16,11:28
2026-10-18,서울역,47013,가좌주공아파트,남부,08:58,08:58,0.0,08:58,08:58
2026-10-18,서울역,47039,가좌주공3단지,남부,08:58,08:58,0.0,08:58,08:58
2026-10-18,서울역,19012,금호석류/은빛한보아파트,남부,09:10,09:10,0.0,09:10,09:10
2026-10-18,서울역,48011,호탄대경아파트,남부,08:58,08:58,0.0,08:58,08:58
2026-10-18,사당,49018,센텀리버파크,혁신,09:11,09:11,0.0,09:11,09:11
2026-10-18,사당,49008,LH10단지,혁신,11:06,09:11,115.5,11:06,11:06
2026-10-18,사당,49036,풀에버정문,혁신,11:06,09:11,115.5,11:06,11:06
2026-10-18,사당,49022,LH3/LH5단지,혁신,09:11,09:11,0.0,09:11,09:11
2026-10-18,사당,41001,퀸즈웰가,서부,10:16,10:16,0.0,10:16,10:16
2026-10-18,사당,46007,판문현대,서부,10:16,10:16,0.0,10:16,10:16
2026-10-18,사당,41005,휴먼시아4단지,서부,10:16,10:16,0.0,10:16,10:16
2026-10-18,사당,42001,신안주공,서부,10:16,10:16,0.0,10:16,10:16
2026-10-18,사당,34019,상봉주공2차아파트,북부,11:10,11:10,0.0,11:10,11:10
2026-10-18,사당,44006,이현주공아파트,북부,10:40,10:40,0.0,10:40,11:06
2026-10-18,사당,39036,초전푸르지오,북부,10:40,10:40,0.0,10:40,10:40
2026-10-18,사당,39033,힐스테이트초전,북부,10:40,10:40,0.0,10:40,10:40
2026-10-18,사당,35010,상대한보아파트,동부,10:40,10:40,0.0,10:40,10:40
2026-10-18,사당,36008,상대주공아파트,동부,10:40,10:40,0.0,10:40,10:40
2026-10-18,사당,36017,삼전아파트,동부,11:06,11:06,0.0,11:06,11:06
2026-10-18,사당,37004,동일스위트아파트,동부,11:06,11:06,0.0,11:06,11:10
2026-10-18,사당,47013,가좌주공아파트,남부,08:43,08:43,0.0,08:43,08:43
2026-10-18,사당,47039,가좌주공3단지,남부,08:43,08:43,0.0,08:43,08:43
2026-10-18,사당,19012,금호석류/은빛한보아파트,남부,08:54,08:54,0.0,08:54,08:54
2026-10-18,사당,48011,호탄대경아파트,남부,08:43,08:43,0.0,08:43,08:43
